file_create_count,file_update_count,file_delete_count,file_access_sensitive_docs,file_sensitive_word_matches,file_contains_card_number,file_contains_passport_data,file_confidentiality_score,archive_created_count,file_permission_changed_count,file_system_update_count,danger_score
4,0,0,1,3,0,0,0.3743782732597307,1,0,0,0
2,0,0,1,4,0,0,0.2956397948589934,2,0,1,0
1,2,1,1,0,0,0,0.17786063519097528,0,0,0,0
3,0,0,1,4,0,0,0.3892971912287755,0,0,1,0
1,0,1,1,1,0,0,0.6665271915676015,1,0,0,0
2,2,0,0,2,0,0,0.5075004312364729,1,0,0,0
2,1,0,2,4,0,0,0.7383309123920789,3,0,0,0
2,1,0,0,1,0,0,0.6615621223208158,0,0,0,0
4,1,2,0,2,0,0,0.7806241274647717,1,0,0,0
5,2,0,1,5,0,0,0.7714522151128353,1,0,1,0
4,1,2,0,0,0,0,0.8619167516269381,1,0,0,0
1,1,0,4,0,0,0,0.5302354210222819,1,0,0,0
5,2,0,1,1,0,0,0.3801235167711413,0,1,0,0
0,1,0,0,2,0,0,0.8524488222099464,2,0,1,0
4,1,1,1,1,0,0,0.7044944179106879,1,0,0,0
0,1,0,2,1,0,0,0.3067533001483337,2,0,0,0
2,1,0,0,3,0,0,0.4888113830814147,1,1,0,0
1,0,0,1,0,0,0,0.3391766796207917,2,0,0,0
4,1,2,5,3,0,0,0.6912039346401796,1,0,0,0
2,3,0,2,2,0,0,0.27121264321377536,0,1,1,0
3,1,0,1,3,0,0,0.7671812987256269,0,1,0,0
1,0,2,0,1,0,0,0.28760764767626534,1,1,1,0
0,2,1,1,1,0,0,0.21061106833253362,0,1,0,0
4,3,1,1,1,0,0,0.7675866403573626,0,0,0,0
1,1,0,2,2,0,0,0.9438766275864836,2,0,0,0
1,2,0,1,1,0,0,0.4642764013454731,0,0,1,0
0,2,0,1,4,0,0,0.21229109559497583,2,0,0,0
3,0,2,0,1,0,0,0.34992138709239684,1,0,0,0
2,1,1,0,3,0,0,0.435864604907118,1,0,0,0
5,0,0,1,2,0,0,0.6115474098747317,0,0,0,0
1,0,1,0,0,0,0,0.02603506909423181,2,0,0,0
1,2,1,1,0,0,0,0.2419267381426663,1,0,0,0
1,1,0,1,2,0,0,0.43808774287540697,1,0,0,0
6,1,0,1,3,0,0,0.05358226661006349,0,0,0,0
1,1,0,0,4,0,0,0.8213939621396271,0,0,1,0
1,0,0,2,1,0,0,0.8556230913001044,0,0,0,0
5,3,0,1,1,0,0,0.597107214213278,6,0,0,0
1,0,1,1,4,0,0,0.4950886551072242,0,1,1,0
3,2,1,0,0,0,0,0.24884369267540163,1,0,0,0
1,2,0,3,1,0,0,0.7321955314087426,0,0,0,0
2,1,1,2,2,0,0,0.12112275679547602,0,1,1,0
3,0,1,2,0,0,0,0.014255681688800426,2,0,0,0
1,0,1,1,2,0,0,0.7654538953811441,0,0,1,0
2,0,0,1,0,0,0,0.865874748822162,1,0,0,0
2,0,0,0,2,0,0,0.13341975244750237,1,0,0,0
3,3,0,0,1,0,0,0.02768792169590173,0,0,0,0
4,0,2,1,3,0,0,0.4249579230995304,1,0,0,0
2,2,2,0,1,0,0,0.6733376574442413,0,1,0,0
2,2,2,0,4,0,0,0.785195980533516,2,0,0,0
1,1,1,3,1,0,0,0.9735868411612423,2,0,0,0
0,2,1,1,2,0,0,0.36725453901791505,1,0,0,0
2,1,0,0,3,0,1,0.1663014465024848,1,0,0,0
1,2,0,0,2,0,0,0.49257610843879585,1,0,0,0
0,2,4,2,1,0,0,0.8310975582803423,1,0,0,0
3,1,0,1,3,0,0,0.7160905424911954,1,0,0,0
3,0,1,0,1,0,0,0.1177839400588877,2,0,0,0
1,2,1,2,5,0,0,0.8199616398424636,0,0,0,0
2,3,0,0,2,0,0,0.8459912731463158,1,0,0,0
1,0,0,0,0,0,0,0.3446243591620469,0,0,0,0
1,0,0,0,3,0,0,0.0030451871449800327,0,0,1,0
3,1,1,0,1,0,0,0.11522204635731015,0,0,0,0
1,0,0,0,1,0,0,0.6946265217942406,3,0,1,0
1,0,2,1,4,0,0,0.008284028758347994,2,0,1,0
0,1,0,3,0,0,0,0.2109614652294851,1,0,0,0
3,0,0,1,3,0,0,0.24967755170000772,0,0,2,0
4,2,1,1,1,0,0,0.3877564075580541,2,1,0,0
2,0,0,1,2,0,0,0.5266197976214517,0,0,1,0
1,0,1,2,2,0,0,0.02147922245304479,0,0,0,0
2,2,1,1,2,0,0,0.05775420834370815,2,0,0,0
2,0,3,1,3,0,1,0.050646383861996935,1,0,0,0
3,1,2,1,2,0,0,0.5895901587182529,0,0,1,0
1,0,1,0,2,0,0,0.7370366526128713,1,0,0,0
1,1,1,0,3,1,0,0.3556892040584039,1,0,1,0
2,0,1,2,5,0,0,0.6059706211726746,0,0,0,0
0,1,0,0,1,0,0,0.18812710815840128,1,0,0,0
3,0,0,0,1,0,0,0.2869201559145742,1,0,0,0
1,1,0,0,2,0,0,0.36410957070878514,0,1,0,0
0,1,0,2,4,0,0,0.20956465098439736,1,0,1,0
1,0,0,1,8,0,1,0.8547537857475561,0,0,0,0
2,0,2,1,3,0,0,0.6623627904986295,0,0,0,0
2,1,0,0,2,0,0,0.3933554644245447,0,0,0,0
1,1,2,0,2,0,0,0.6464886545510629,0,0,0,0
2,3,0,1,3,0,0,0.012399026873872732,0,0,1,0
1,0,0,2,1,0,0,0.5925539676600643,0,0,1,0
2,0,1,1,2,0,0,0.8392059992785004,2,0,0,0
5,1,0,1,4,0,0,0.2563338105021181,0,0,0,0
1,0,0,0,1,0,0,0.09532241117920337,2,0,1,0
0,1,1,1,2,0,0,0.7030224295829498,1,0,1,0
5,1,2,1,2,1,0,0.224934045060606,0,0,0,0
0,0,0,0,0,0,0,0.6119308552356654,1,0,0,0
2,1,0,1,3,0,0,0.19125920114012118,2,0,0,0
1,0,1,0,2,0,1,0.6936746541690645,1,0,0,0
2,1,1,1,4,0,0,0.22625704729294216,0,0,0,0
2,0,2,0,5,0,0,0.08879567597466709,1,0,1,0
1,0,2,3,3,0,0,0.49272435666726233,1,0,0,0
1,1,0,2,2,0,0,0.4265819350879816,2,0,0,0
4,1,1,0,1,0,0,0.1628722555552432,3,0,0,0
1,2,0,1,3,0,0,0.9374424386076369,2,0,0,0
0,0,0,2,1,0,0,0.06201182915232084,1,0,0,0
3,1,0,1,5,0,0,0.004141254073759648,2,0,0,0
2,0,0,1,5,0,0,0.3731539501742184,0,1,0,0
2,2,0,1,2,0,0,0.8074623570015539,0,0,0,0
3,0,1,2,3,0,0,0.4019817760005916,2,0,0,0
2,1,1,0,1,0,0,0.8623041806093343,0,0,0,0
2,1,1,1,3,1,0,0.5068302722366892,1,1,0,0
4,2,1,0,2,0,0,0.7931668518727428,1,0,1,0
1,1,0,1,3,0,0,0.6403356427419191,1,0,0,0
2,2,1,1,2,0,0,0.6692652166945646,2,0,0,0
3,2,0,1,2,0,0,0.5519829602579911,0,0,0,0
3,3,1,0,2,0,0,0.8975078659696787,1,0,0,0
2,0,0,1,3,1,0,0.40831172840404995,0,0,0,0
1,2,0,0,5,0,0,0.2588251220681712,2,0,0,0
6,0,0,2,0,0,0,0.3409613491641672,2,0,2,0
0,1,0,1,2,0,1,0.6812901667877336,2,1,0,0
3,1,0,1,0,0,1,0.036044615184580686,2,0,0,0
1,0,2,0,0,0,0,0.8516851166300241,0,0,1,0
3,3,0,0,0,0,0,0.6604054938671353,1,0,0,0
2,1,0,1,1,0,0,0.5736101623758731,1,0,0,0
1,1,0,1,1,0,0,0.8623270384673245,1,0,0,0
1,1,1,3,0,1,0,0.9364989299137185,4,0,0,0
0,1,1,1,2,0,0,0.18212534373593414,1,0,0,0
2,1,0,3,2,0,0,0.551803750501341,1,1,0,0
1,0,1,0,3,0,0,0.06629149283950964,2,0,0,0
1,2,1,1,1,0,0,0.4180018374469243,1,1,1,0
0,3,1,1,1,0,0,0.9563237781476693,0,1,0,0
2,0,0,2,1,0,0,0.8576395481888238,1,0,0,0
4,0,0,1,6,0,0,0.9191734017486273,2,0,0,0
2,0,1,2,2,0,0,0.049108634673754814,1,0,0,0
3,3,2,0,2,0,0,0.23346888854686354,0,0,1,0
2,0,1,1,2,0,0,0.2830835423982391,0,0,0,0
1,0,0,0,4,0,0,0.8331355421065764,1,1,1,0
0,3,0,1,3,0,0,0.05671268219021697,1,0,0,0
1,0,1,0,2,0,0,0.7642678134163446,1,1,2,0
4,2,0,1,6,0,0,0.659638756001797,1,0,0,0
5,1,2,2,2,0,0,0.3470475858739407,3,0,1,0
1,1,0,1,0,0,0,0.19027534986053674,2,0,0,0
2,2,1,1,2,0,0,0.9231582021495437,0,0,1,0
2,1,1,0,3,0,0,0.8573558844667322,0,0,0,0
4,0,3,1,3,0,1,0.12895288089706303,2,0,1,0
3,1,0,1,3,0,0,0.950941977101293,1,0,0,0
3,1,1,0,2,0,0,0.5402959728650663,1,0,0,0
1,2,4,1,4,0,0,0.9310035804387217,1,0,1,0
4,1,1,4,0,0,0,0.41777080909536335,1,0,0,0
3,2,0,2,3,0,0,0.32471679666541486,1,0,0,0
3,2,1,0,3,0,0,0.14196428465020738,0,0,0,0
0,3,2,2,2,0,0,0.24249572428456123,1,0,0,0
1,0,0,4,1,0,0,0.9478832188853972,0,0,0,0
0,2,2,0,2,0,0,0.4497986068058122,0,1,1,0
3,0,1,0,3,0,0,0.11792372943622087,1,0,0,0
3,2,1,1,2,0,0,0.5574878445536731,2,0,0,0
4,1,1,1,5,0,0,0.6336531213756278,1,0,0,0
0,5,1,1,1,0,0,0.8607837268083223,0,0,0,0
1,1,0,2,2,0,0,0.21915939991970057,1,0,0,0
1,1,0,1,3,0,0,0.23026646883049162,0,0,0,0
2,0,0,1,1,0,0,0.020548060012341662,0,1,1,0
6,0,1,4,2,0,0,0.3777835771927073,2,0,1,0
6,0,0,2,3,0,0,0.3396088312321335,1,0,0,0
2,0,0,2,2,0,0,0.011713878658424881,1,0,0,0
3,1,1,0,2,0,0,0.10782288384517602,0,0,1,0
4,1,0,1,1,0,0,0.2406637025179439,2,1,1,0
0,1,0,0,1,0,0,0.46424373014627585,2,0,0,0
0,0,1,0,5,0,0,0.013157899883333934,1,0,0,0
1,0,0,1,6,0,0,0.8895064856506142,0,0,1,0
2,1,2,0,0,0,1,0.5449046414113408,1,0,0,0
3,0,0,0,3,0,0,0.11894136642627418,0,0,0,0
3,2,1,0,0,0,0,0.2642031795130497,3,1,0,0
2,1,1,1,2,0,0,0.4603584789237203,0,0,0,0
6,2,0,1,1,0,0,0.33684901720865534,1,0,0,0
3,0,0,1,5,0,0,0.26038973515402475,1,0,0,0
1,0,0,3,5,1,0,0.9405337508044402,0,0,2,0
2,0,1,5,5,0,0,0.8599684468268655,0,0,0,0
1,2,0,1,1,0,0,0.2573841916226435,0,0,0,0
3,1,2,2,2,1,0,0.39309229900540565,0,0,0,0
1,0,0,2,1,0,0,0.6792773106328917,1,0,0,0
3,0,0,4,0,0,0,0.3299923471592262,1,0,1,0
5,2,0,1,2,0,0,0.929794315398977,1,0,1,0
3,1,0,3,2,1,0,0.5293735832240399,1,0,0,0
2,2,0,1,0,0,0,0.8339905637833298,1,0,1,0
3,0,1,0,0,0,0,0.6982893245356765,1,0,1,0
1,2,1,0,0,0,0,0.8963747919917839,0,0,0,0
0,2,0,1,3,0,0,0.5508426776075125,3,0,0,0
0,2,2,2,1,0,0,0.5956182706350671,1,0,0,0
1,0,0,1,1,0,0,0.34293231060132345,1,0,0,0
0,1,0,1,2,0,0,0.3436405394768435,0,0,1,0
2,1,1,0,3,0,0,0.0060811249831792535,1,0,0,0
1,0,1,2,1,0,0,0.20781046492185007,2,0,0,0
0,2,1,1,3,0,0,0.3454269044506918,1,1,0,0
0,0,0,1,3,0,0,0.8428978474517682,0,0,2,0
2,1,0,1,3,0,1,0.3847664162075848,1,1,2,0
1,1,2,2,3,0,0,0.5990328615211946,0,0,0,0
0,2,0,1,0,0,0,0.3539082675796307,2,0,0,0
2,1,0,1,4,0,0,0.7742325396683095,1,2,0,0
4,1,0,0,0,0,0,0.16631156516702805,0,0,2,0
3,1,0,0,5,0,0,0.2653766319765425,1,0,0,0
0,2,1,1,3,0,0,0.31717646187775606,3,0,1,0
2,1,0,1,1,0,0,0.1973820849911101,2,0,0,0
1,3,0,0,1,0,0,0.8960844434810155,0,0,0,0
3,3,1,1,3,0,0,0.9821427230901786,1,1,0,0
2,0,1,0,1,0,1,0.775229931787767,2,1,0,0
0,1,0,1,3,0,0,0.5062240743591403,0,0,0,0
1,2,1,1,1,0,0,0.7906345049834826,0,0,1,0
1,3,1,3,4,0,0,0.4492701631933166,0,0,0,0
1,1,0,1,0,0,0,0.5298519266915589,1,0,1,0
0,2,0,1,0,0,0,0.5911077171973002,0,0,0,0
1,1,0,1,2,0,0,0.8977692857140911,6,0,0,0
2,1,1,1,1,0,0,0.08268298003469965,2,0,0,0
1,2,1,0,4,0,0,0.17847292529512282,1,1,1,0
0,0,0,0,1,0,0,0.37752784638810555,1,0,0,0
0,2,2,1,1,0,0,0.7298034474427046,3,0,1,0
1,2,0,1,4,0,0,0.7816243996752199,5,0,1,0
3,0,0,0,2,0,0,0.6955763470637597,1,1,1,0
3,1,2,1,5,0,1,0.9211217403424824,1,1,0,0
0,1,1,1,1,0,0,0.5159525233261655,1,1,0,0
0,1,0,2,1,0,0,0.39981610841662263,1,1,1,0
1,2,0,3,1,0,0,0.5376440017723806,1,0,1,0
6,1,0,1,2,0,0,0.5190108946305937,0,0,0,0
2,0,0,1,3,0,0,0.32986275679049903,2,1,0,0
2,1,0,1,2,0,0,0.2635666380656635,1,0,0,0
4,0,0,0,4,0,0,0.6332631185686227,4,0,0,0
3,2,0,0,5,0,0,0.373784503314716,2,0,0,0
1,0,0,1,5,0,0,0.2535662988853882,1,0,0,0
3,1,1,2,2,1,0,0.9992505646089346,3,0,0,0
4,0,0,2,2,0,0,0.3104171436880171,0,0,2,0
0,1,0,0,2,0,0,0.13860394487991867,4,0,0,0
0,1,2,1,0,0,0,0.03478890234745191,1,0,0,0
4,2,0,1,3,0,0,0.7650773175628989,1,0,0,0
1,0,1,2,1,0,0,0.5506262111328982,2,0,0,0
2,0,0,1,2,0,0,0.5757016290737141,2,0,0,0
3,1,1,0,0,0,0,0.17104171174167115,0,0,1,0
3,1,0,0,2,0,0,0.35459939616342173,0,0,1,0
1,2,0,0,2,0,0,0.7511929391527954,2,0,0,0
3,1,0,0,2,0,0,0.18524988810838383,2,0,0,0
3,0,0,1,1,0,0,0.11248716590049646,1,0,1,0
3,0,0,0,2,0,0,0.24798262278140137,2,0,0,0
1,1,2,0,3,0,0,0.36181717038033157,0,0,0,0
1,1,1,1,4,0,0,0.08617981758918092,0,1,0,0
1,0,1,2,3,0,0,0.8832509093781256,0,0,0,0
4,0,2,2,4,0,0,0.6751207631140421,2,0,0,0
0,0,0,2,1,0,0,0.7518368284545838,1,0,0,0
2,1,1,1,3,0,1,0.5013437331731965,0,0,0,0
2,1,0,1,0,0,0,0.5197164767378366,0,0,0,0
3,0,1,2,2,0,0,0.0919340551240353,0,0,0,0
1,1,1,0,3,0,0,0.47253070193370605,1,1,0,0
1,1,1,0,2,0,0,0.5514968096824263,0,0,0,0
4,0,0,2,5,0,0,0.3253972685586145,1,1,0,0
1,1,2,3,1,0,0,0.7500221999178129,2,0,0,0
0,0,0,0,2,0,0,0.21658571270531424,0,0,0,0
1,1,0,1,6,0,0,0.8069791035594114,0,0,0,0
3,2,1,0,6,0,0,0.40106857455672906,2,0,0,0
0,0,0,0,2,0,0,0.9855151692377841,0,0,0,0
3,1,0,2,1,0,0,0.10694888484299236,0,0,0,0
1,1,2,1,2,0,0,0.5529201524134078,1,0,0,0
0,0,1,1,6,0,1,0.4831538329845321,1,1,0,0
2,1,0,1,0,0,0,0.2708299582490765,0,1,3,0
2,0,0,1,0,0,0,0.5737286041501566,3,0,1,0
1,1,0,2,2,0,0,0.6898298045359103,2,1,1,0
1,2,0,0,0,0,0,0.0910120970240712,2,2,0,0
1,1,1,1,1,1,0,0.5742121565090308,1,0,0,0
4,3,0,0,0,0,0,0.1944713598245147,1,0,0,0
1,2,0,0,3,0,0,0.6888449955810064,1,1,0,0
2,2,0,0,2,0,1,0.5545365857700714,1,0,1,0
2,1,1,2,4,0,0,0.7886516130402226,0,0,0,0
2,1,0,1,1,0,0,0.25443038696304554,0,0,0,0
3,0,0,1,1,0,0,0.9920442652143774,0,1,0,0
3,0,0,0,2,1,0,0.7466356137041134,0,0,0,0
2,0,0,3,2,0,0,0.4199740678120504,0,0,0,0
0,2,2,1,3,0,0,0.6318724626408233,0,0,0,0
2,2,0,0,0,0,0,0.10954568630320394,3,0,0,0
2,0,1,2,1,0,0,0.035413565758797616,2,0,0,0
4,0,0,1,1,0,0,0.41762532238283423,1,0,1,0
5,1,0,1,2,0,0,0.6908922062849154,0,1,0,0
1,2,0,0,3,0,0,0.3024895843016515,1,0,0,0
1,5,0,1,1,0,0,0.4667347515925653,0,0,0,0
0,0,4,1,1,0,0,0.020096957879027988,3,0,0,0
5,2,1,0,2,0,0,0.01714252382020076,0,0,0,0
4,1,0,0,1,0,0,0.6060096325558679,2,1,0,0
1,0,0,1,1,0,0,0.03048474363967213,1,0,1,0
1,0,1,1,3,0,0,0.5027934879807996,0,1,1,0
1,0,0,0,0,0,0,0.3383586124246296,2,0,0,0
1,1,0,0,5,0,0,0.3868093272036607,0,1,1,0
1,1,1,2,6,0,0,0.0760338207333946,1,1,0,0
2,2,0,2,1,0,0,0.9299684612775345,1,0,0,0
2,1,0,0,1,0,0,0.672764652139763,2,0,0,0
1,3,0,0,0,0,0,0.7723473971791491,2,0,0,0
1,1,1,0,3,0,0,0.11465385738511069,1,0,0,0
2,0,0,0,1,0,0,0.5968328580663784,2,0,0,0
2,0,0,2,2,0,0,0.575273478484176,2,0,0,0
2,2,1,1,3,0,0,0.5119643970815825,3,1,0,0
1,0,3,1,2,0,0,0.8429930215226863,0,0,0,0
0,1,0,1,0,0,0,0.8321032774878444,1,0,0,0
6,1,0,1,4,0,0,0.6841100831940112,0,0,0,0
4,0,0,1,1,0,1,0.30419680545208594,1,0,0,0
2,1,0,0,0,0,0,0.32434655679932745,0,0,0,0
2,0,0,2,3,1,0,0.839082275744871,0,0,0,0
1,0,2,1,4,0,0,0.006701674163782978,2,0,0,0
6,4,0,0,2,0,0,0.38906859397706817,1,0,0,0
5,2,0,0,2,0,0,0.5756986391007104,1,0,0,0
1,0,0,2,1,0,0,0.19614462120936438,1,0,1,0
2,0,0,0,4,0,0,0.7185360622130775,2,0,1,0
1,0,0,1,5,0,0,0.588507111476946,3,1,0,0
2,0,0,1,2,0,0,0.25009268339252455,2,0,1,1
3,1,0,2,8,0,0,0.7446690923768662,0,1,0,1
2,2,0,1,3,0,0,0.8999374858488137,2,0,0,1
2,2,1,0,3,0,0,0.049232581627760674,2,0,1,1
1,1,1,0,3,0,0,0.6575974315816321,0,0,0,1
3,2,2,0,1,0,0,0.47657646297376133,1,0,2,1
2,0,1,0,5,0,1,0.5098874027562376,1,0,1,1
3,0,2,2,1,0,0,0.3189468431823037,1,0,0,1
2,0,1,0,1,0,0,0.608350959096368,1,0,0,1
3,1,1,2,3,0,0,0.062127757954832274,0,0,0,1
1,1,0,1,1,0,0,0.5327298149329864,1,0,1,1
0,0,0,0,1,0,0,0.9493307152620603,0,0,0,1
2,1,2,1,1,1,0,0.34303973396337284,2,0,0,1
0,0,0,2,2,0,0,0.5149868062443677,0,0,1,1
3,1,1,0,0,0,0,0.1420916245624927,0,1,0,1
2,2,0,2,2,0,0,0.7439671619053528,0,0,0,1
1,1,0,1,3,0,0,0.7575153973691596,3,0,1,1
1,1,0,1,1,1,1,0.21809204342529764,3,0,1,1
2,2,1,1,3,0,0,0.9901295130123936,1,0,0,1
5,3,0,0,5,0,0,0.9995652062256647,3,0,0,1
1,1,0,3,3,0,0,0.6131856923095601,0,1,1,1
0,1,0,0,1,0,0,0.662945731370007,0,0,0,1
4,0,0,1,2,0,0,0.4816524494517379,1,1,2,1
4,0,0,0,1,0,1,0.6217680425454208,1,0,0,1
2,2,0,2,2,0,0,0.3697110639231094,3,0,0,1
2,1,1,1,1,0,0,0.9651740472873243,3,0,0,1
4,1,0,0,0,0,0,0.1105103515595387,1,0,1,1
0,2,1,1,4,0,0,0.5259053258758372,2,0,0,1
0,1,0,1,1,0,0,0.882466854176467,0,0,1,1
1,2,0,1,3,0,0,0.27835707196259896,3,0,1,1
4,1,1,0,0,0,0,0.9512122553130546,0,0,0,1
1,1,0,1,2,0,0,0.6208309383564932,1,1,0,1
1,2,0,1,3,0,0,0.33886353408352066,1,0,0,1
1,1,0,0,1,0,0,0.9551314530525529,0,0,0,1
1,0,2,0,4,0,0,0.8626609811595926,1,0,0,1
3,0,1,0,0,0,0,0.12739813696951086,0,0,0,1
2,4,0,1,2,0,0,0.758566696246174,1,0,0,1
2,0,1,1,4,0,0,0.8703484378448938,2,0,0,1
5,2,1,0,6,0,0,0.3070672891141232,0,0,0,1
1,0,0,0,1,0,0,0.3448919528104126,2,0,1,1
1,1,0,1,1,0,0,0.6616608643580532,0,0,0,1
1,0,0,0,1,0,0,0.7640558138608416,0,0,1,1
1,1,1,2,0,0,0,0.9155058972622978,1,0,0,1
0,0,0,1,2,0,0,0.294633151571135,1,0,0,1
2,1,0,0,3,0,0,0.02214898380585706,1,0,1,1
1,0,0,1,2,0,0,0.4829815929096677,2,1,1,1
2,0,1,1,2,0,1,0.02736948258443639,0,0,0,1
4,1,2,0,2,0,0,0.9293548377362855,4,1,1,1
2,2,1,1,2,0,0,0.9440876400222864,0,0,0,1
0,0,0,1,3,0,0,0.9176929926975909,1,0,0,1
2,0,1,1,4,0,0,0.2045926802106578,0,0,0,1
1,2,1,4,1,0,0,0.5514367691228111,1,0,0,1
2,0,0,1,0,0,0,0.7676287765527222,0,0,0,1
2,1,0,3,4,0,0,0.5531803134349514,1,1,0,1
2,1,0,0,1,0,0,0.6350500419539786,3,0,0,1
0,1,0,0,3,0,0,0.5272624202933416,2,1,1,1
2,0,0,0,1,0,0,0.8930438465263895,2,0,0,1
1,0,0,1,0,0,0,0.9520905746104308,3,0,0,1
1,0,1,0,2,0,0,0.24373755220937443,0,0,0,1
0,5,1,3,2,0,0,0.12265811203650878,1,0,1,1
0,1,1,1,0,0,0,0.7506185425182466,0,0,0,1
0,0,3,0,2,0,0,0.8602930751071843,3,0,0,1
1,3,2,0,3,0,0,0.4451775547828861,0,0,0,1
1,0,1,1,1,0,0,0.9603678441632322,0,0,0,1
2,1,0,1,2,0,0,0.8272355039179627,2,0,0,1
0,1,0,1,0,0,0,0.49466827019184656,1,0,0,1
1,0,0,1,1,0,0,0.6959504142797872,1,0,1,1
0,2,0,0,1,0,0,0.6082021801633946,1,0,0,1
1,1,0,0,3,0,0,0.1126800688211268,0,0,1,1
5,0,0,2,0,0,0,0.9150266921073098,1,1,0,1
1,3,0,0,2,0,0,0.24423618211765263,0,0,0,1
6,2,1,1,3,0,0,0.14971767427141747,2,0,0,1
2,1,0,1,3,0,0,0.9814941693331285,0,1,0,1
1,2,0,1,2,0,0,0.5686790726282456,0,0,0,1
1,0,1,0,5,0,1,0.5625364273736662,1,0,0,1
2,1,1,0,0,0,0,0.33822515809453,1,0,0,1
1,2,0,3,3,0,0,0.822063482589001,1,0,0,1
0,0,0,0,3,0,0,0.16916819773155,1,0,1,1
2,0,0,1,0,0,0,0.11008245272185091,0,0,0,1
1,2,0,1,1,0,0,0.4247252999744743,2,0,0,1
1,1,1,0,2,0,0,0.28716066926129835,1,0,0,1
1,0,0,0,1,0,0,0.5723028761012441,0,0,0,1
5,1,4,2,2,0,0,0.264620754583029,1,0,1,1
2,1,1,3,1,0,0,0.6567540794473289,2,0,0,1
2,3,0,0,0,0,0,0.6769178968628458,1,0,1,1
1,0,0,2,4,0,0,0.983866791243541,0,0,0,1
5,4,1,0,0,0,0,0.8561661210702289,2,0,0,1
2,2,1,1,5,0,0,0.09114634235849284,0,0,2,1
0,1,1,0,1,0,0,0.2564276243566783,0,1,0,1
3,0,1,5,2,0,0,0.7191576909933741,0,0,2,1
1,1,0,0,2,0,1,0.4901893526586357,0,0,0,1
3,0,0,2,0,0,0,0.38010903754614067,2,0,0,1
2,0,0,1,1,0,0,0.8875363611613908,0,0,2,1
0,1,0,0,4,0,0,0.6275409194301362,0,0,0,1
0,1,2,0,2,0,0,0.9141795358951205,1,0,0,1
0,2,2,1,2,0,0,0.6140820826512862,0,0,0,1
3,1,0,1,1,0,0,0.8646261383184634,0,0,0,1
1,1,0,0,2,0,0,0.5842646011010891,0,0,0,1
2,2,0,0,3,0,0,0.4517549008299129,1,0,0,1
5,1,1,0,0,0,0,0.25474215230945807,1,1,1,1
0,2,1,1,3,0,0,0.3593024384971436,0,0,0,1
2,1,0,1,2,0,0,0.78095399792186,1,0,0,1
1,1,0,1,9,0,0,0.7128824891998058,1,0,1,1
3,0,0,2,5,0,0,0.8917043539818947,0,0,0,1
0,0,0,3,3,0,0,0.7563856561032055,1,1,0,1
1,0,0,3,3,0,0,0.8220085942184596,3,0,0,1
3,1,1,0,2,0,0,0.7386774770839886,1,0,1,1
1,1,1,0,1,0,1,0.4209504150252731,1,0,0,1
3,1,0,2,3,0,0,0.973152545848831,2,0,0,1
1,0,0,0,1,0,1,0.30228358491799223,0,0,0,1
3,0,0,1,0,0,0,0.7407351724505791,0,0,1,1
0,1,0,1,2,0,0,0.31966320092606826,1,0,0,1
2,1,1,0,3,0,0,0.03513914284089825,1,0,1,1
1,4,1,1,2,0,0,0.7191254931806514,3,0,0,1
3,1,0,0,5,0,0,0.21215312116377183,1,1,0,1
2,4,0,0,3,0,0,0.5085903555147954,0,0,0,1
2,0,0,2,1,0,0,0.4776268884343503,3,0,0,1
1,3,0,1,2,0,0,0.34184937012477645,0,0,1,1
2,0,2,3,3,0,0,0.9665852821181216,1,0,0,1
5,1,0,0,2,0,0,0.8319738308857915,0,1,0,1
1,1,0,0,2,0,0,0.8617120576057483,1,0,0,1
0,2,0,1,2,0,0,0.6237311900980399,3,1,0,1
3,0,0,0,4,0,0,0.24085752402963845,1,0,0,1
1,2,2,1,4,0,0,0.5752308047276523,1,1,1,1
1,5,1,0,3,0,0,0.5174388804770366,0,0,0,1
2,1,0,1,4,0,0,0.10980346394944374,2,0,0,1
1,0,0,0,2,0,0,0.9871576918910407,0,0,0,1
2,0,1,1,1,0,0,0.4093917931626354,3,0,0,1
1,1,0,2,1,0,0,0.023206056744078496,2,1,1,1
2,0,1,1,2,0,0,0.672094703189757,0,2,0,1
4,1,1,0,0,0,0,0.5848394881144297,0,0,0,1
4,1,0,1,1,0,1,0.07015179295431284,2,0,0,1
3,1,0,0,3,0,0,0.011342950700598098,0,0,0,1
2,2,1,0,0,0,0,0.7520444028591967,2,0,0,1
2,0,0,4,1,0,0,0.8208077020989819,1,0,0,1
1,0,1,1,0,0,0,0.3874885927363688,0,0,1,1
0,0,1,0,2,0,0,0.13636389681619743,0,2,0,1
3,1,0,0,1,0,0,0.6254803508600586,2,0,0,1
1,0,0,2,0,0,0,0.6261676539859397,1,0,0,1
0,3,0,0,2,0,0,0.9953517910688249,1,0,0,1
1,1,1,0,2,0,0,0.16733060442733216,1,0,1,1
0,2,0,2,4,0,1,0.6773480620194265,0,1,0,1
0,1,0,0,2,0,0,0.956006242282617,2,0,0,1
3,1,1,3,2,0,0,0.9787273040586214,0,0,1,1
2,0,0,0,1,0,0,0.7096618307489782,0,1,0,1
1,1,0,2,5,0,0,0.36044174216734937,3,1,2,1
3,2,0,0,4,1,0,0.6947241149141463,1,0,2,1
3,1,2,1,4,0,0,0.8245590135409685,0,0,0,1
3,1,0,1,1,0,0,0.16790997056763668,0,0,0,1
3,1,0,0,3,0,0,0.06395765456159197,1,0,2,1
6,4,1,0,3,0,0,0.5088032418316806,1,0,0,1
0,1,1,1,0,0,0,0.514732006329601,2,0,0,1
3,2,1,0,2,0,0,0.7782975285145475,0,1,0,1
2,0,2,0,0,0,0,0.7183625379926262,0,1,0,1
4,0,0,2,4,0,1,0.3963381049799751,0,0,0,1
1,2,0,0,3,0,0,0.8827438027529891,1,1,0,1
2,2,1,1,1,0,0,0.4512989477557615,0,0,0,1
7,3,0,0,3,0,0,0.05444381385852004,0,0,0,1
3,2,0,2,0,0,0,0.17677429897817676,1,0,0,1
1,1,0,0,4,0,0,0.33150567002556985,3,0,1,1
2,1,0,1,2,1,0,0.823583816865457,1,1,0,1
4,0,0,0,3,0,0,0.02879237665275003,1,0,0,1
4,1,1,1,3,0,0,0.7613723275348558,1,0,1,1
1,0,1,1,2,0,0,0.4599396210446649,0,0,0,1
2,2,0,1,3,0,0,0.16113575628436638,0,0,0,1
2,1,2,1,0,0,0,0.022910304554425998,0,0,0,1
2,1,2,1,0,0,0,0.8508822331720596,3,0,0,1
2,0,1,0,1,0,0,0.05175933363846397,0,0,2,1
2,2,0,0,1,1,0,0.5181787083503001,3,0,0,1
2,0,2,0,2,0,0,0.4300382423455955,3,0,0,1
0,0,2,2,5,0,0,0.5022103194681533,0,0,0,1
1,0,0,1,2,0,0,0.811892111746878,1,0,0,1
5,0,0,1,2,0,1,0.12569841763220047,1,1,0,1
1,2,0,2,3,0,0,0.6026235468409536,0,0,0,1
2,0,0,2,2,0,0,0.7348155857576356,0,0,0,1
5,1,0,1,1,0,0,0.708080138083247,2,0,0,1
2,0,1,1,2,0,0,0.962458693467924,2,0,0,1
1,0,1,0,2,0,0,0.16876212591509387,1,0,1,1
2,0,1,0,2,0,0,0.5491345070885812,3,0,0,1
3,3,1,2,4,0,0,0.7330193639878734,0,0,0,1
1,0,0,0,3,0,0,0.569856001251624,0,0,2,1
2,2,1,2,3,0,0,0.09099065230913472,3,0,0,1
2,0,0,1,1,0,0,0.899538309726698,0,2,1,1
4,0,0,2,6,0,1,0.9368690048680162,0,0,0,1
1,1,0,2,1,0,0,0.7186225096802749,1,0,0,1
1,1,0,1,1,0,0,0.22264823003057144,1,0,1,1
2,1,1,2,1,0,0,0.4130103376895805,3,0,0,1
3,0,2,1,3,0,0,0.7910932149069781,0,0,0,1
0,0,0,0,1,0,1,0.10021035060564343,2,0,0,1
1,1,2,0,2,0,0,0.7161397062321891,1,0,0,1
3,2,3,0,1,1,0,0.6759373609710431,0,0,0,1
2,1,0,0,0,0,0,0.9037529925228944,1,0,0,1
1,1,0,0,4,0,0,0.8826219699385608,0,0,0,1
1,3,0,2,3,0,0,0.34721563554012336,2,0,0,1
1,0,0,0,1,0,0,0.7882897295316307,1,0,0,1
5,0,0,0,3,0,0,0.17625895253328072,1,0,0,1
2,2,0,0,1,0,0,0.5520068590215863,3,0,0,1
1,2,0,2,0,0,0,0.3201901524477221,1,0,0,1
6,0,0,1,2,0,0,0.9818274651900325,3,0,0,1
2,3,1,1,2,0,0,0.09024672424260838,0,0,0,1
5,1,0,1,0,0,0,0.2788687498110918,1,0,0,1
2,0,0,0,3,0,0,0.515909807033682,1,0,1,1
1,0,1,0,3,0,0,0.24594046393832047,2,0,0,1
1,0,0,1,1,0,0,0.09790918711234242,0,0,0,1
1,2,1,0,3,0,0,0.8213321570778976,1,0,1,1
0,2,0,0,2,0,0,0.642838989369914,3,1,0,1
4,1,0,1,3,0,0,0.3981648905937061,0,0,0,1
3,0,1,2,4,0,0,0.5055744845906102,1,0,0,1
3,1,1,1,3,0,0,0.005391231956757836,2,0,0,1
0,0,1,2,1,0,0,0.7611881811448341,1,0,0,1
0,0,0,0,3,0,1,0.721008863863596,2,0,0,1
1,1,0,0,3,0,0,0.2206676087084749,1,0,0,1
4,1,0,1,0,0,0,0.2596472308213872,1,0,2,1
2,2,1,2,1,0,0,0.2223370373689586,0,0,0,1
2,0,0,1,2,0,0,0.840338166866557,1,0,0,1
4,0,1,2,2,0,0,0.014786709513767815,0,0,1,1
1,1,0,1,1,0,0,0.7392657731755368,3,1,0,1
2,1,0,3,2,0,0,0.582646021536391,0,0,0,1
2,0,0,3,4,0,0,0.3171118572936086,1,0,1,1
2,2,0,0,1,0,0,0.7459695439848448,0,1,0,1
3,2,1,0,1,0,0,0.9470233600010556,2,0,0,1
5,2,0,1,1,0,0,0.6788204869952758,0,0,0,1
1,3,0,2,3,0,0,0.8103758240201923,0,0,0,1
5,2,1,0,1,0,0,0.1281165930306184,1,0,0,1
1,1,1,3,2,0,0,0.601690802421728,0,0,1,1
1,2,0,0,2,0,0,0.6535041859740516,1,0,1,1
4,0,0,3,2,0,0,0.326190804508952,0,2,0,1
2,0,0,1,2,0,0,0.15698552135850918,1,0,1,1
0,1,0,0,5,0,0,0.8062053716198551,2,0,0,1
0,0,0,1,2,0,0,0.7546660478271405,1,1,0,1
0,2,0,1,2,0,0,0.16514728710315585,0,1,1,1
1,2,1,3,0,0,0,0.21757867401550945,1,0,0,1
2,1,0,0,1,0,0,0.15974061311294707,0,0,0,1
2,0,0,1,2,0,0,0.9732122090944509,1,0,0,1
4,0,0,1,3,0,0,0.27960184321761383,1,0,0,1
1,2,0,1,2,0,0,0.5155972015177112,2,0,0,1
2,0,0,0,3,0,0,0.6658139327469557,1,0,0,1
2,0,0,1,2,0,0,0.6303149904382017,1,0,1,1
0,1,1,2,2,0,0,0.7211874418138723,0,0,1,1
3,1,0,1,1,0,0,0.029268592955620565,0,0,0,1
3,1,0,2,1,0,0,0.4666486653283892,0,1,0,1
0,0,0,1,1,0,0,0.26680068091136633,1,1,0,1
2,2,0,2,1,0,0,0.5129703802049473,0,0,0,1
3,2,0,1,0,0,0,0.028571723863049625,1,0,0,1
3,0,1,0,5,0,0,0.6114243082031902,0,0,0,1
3,0,1,0,4,0,0,0.5703177636400214,2,0,0,1
2,0,0,0,0,0,0,0.0612416927240782,1,0,1,1
2,1,0,1,1,0,0,0.737436171223061,2,0,0,1
1,0,1,3,1,0,0,0.4553192647668315,2,0,0,1
0,0,1,1,3,0,0,0.5736389095354618,0,1,0,1
1,2,0,1,2,1,0,0.7354798584493455,1,0,0,1
2,0,0,4,2,0,0,0.19135779708239842,0,0,0,1
2,2,2,1,3,0,0,0.9847156652740258,1,1,0,1
2,0,0,3,2,0,0,0.17521702992441113,0,0,0,1
4,3,2,0,1,0,0,0.2594994344084266,0,0,1,1
4,2,2,0,1,0,0,0.5759064607320737,1,1,0,1
1,1,1,0,0,0,0,0.6079763259204477,0,1,0,1
0,2,1,2,1,0,0,0.7390956697478843,1,0,0,1
2,1,0,2,3,0,0,0.5505819755679938,0,1,0,1
2,1,0,0,3,0,0,0.28281740763583196,1,1,0,1
1,0,0,4,2,0,0,0.9081757809858915,1,0,0,1
2,0,2,2,0,0,0,0.5852363157424942,1,1,0,1
0,1,0,2,5,0,0,0.3671443068986283,2,0,0,1
1,1,2,0,4,0,0,0.8700466262441972,1,0,0,1
4,1,1,2,1,0,0,0.7253543042920559,1,0,0,1
1,2,1,2,1,0,0,0.20652009182612407,1,1,1,1
3,2,0,1,1,0,0,0.09765361939865491,2,0,1,1
0,0,2,0,3,0,0,0.92101238940599,0,0,0,1
3,1,1,0,3,0,0,0.3144741333496883,2,0,1,1
3,4,0,0,0,0,1,0.7203293655276356,3,0,0,1
3,0,0,3,3,0,0,0.15725210890210717,1,0,1,1
2,2,1,2,2,0,0,0.7643385611685928,1,0,1,1
2,1,0,0,2,0,0,0.09043706246873007,1,0,1,1
2,0,0,0,2,0,0,0.8685194650492235,1,0,0,1
3,0,0,2,3,0,0,0.9665873953637097,1,0,0,1
4,2,0,1,5,0,0,0.6691801745228378,0,1,0,1
0,2,0,0,2,0,1,0.5852584937789165,1,1,0,1
2,1,0,3,0,0,0,0.5812177029484507,1,0,0,1
5,0,0,2,0,0,0,0.566176042480578,1,0,0,1
1,1,1,0,3,0,0,0.0023685763674584637,2,0,0,1
3,0,1,0,2,0,0,0.04593474479815218,2,2,0,1
1,1,0,0,1,0,0,0.8812150048063653,0,0,1,1
0,0,0,1,4,0,0,0.5122663329415135,2,2,1,1
3,1,0,3,3,0,0,0.6456624871648826,0,1,0,1
0,1,2,0,1,0,0,0.3429449801855796,0,0,3,1
1,0,0,1,2,0,0,0.9606018473393496,0,0,1,1
1,1,1,1,3,0,1,0.9399271460493448,1,0,0,1
1,2,0,0,0,0,0,0.30558400876223446,1,0,1,1
2,1,0,0,3,0,0,0.712531650243681,2,1,0,1
0,2,0,2,3,0,0,0.42578113608201673,0,0,0,1
0,0,1,1,4,1,0,0.22893947996087272,2,0,2,1
2,1,1,1,4,0,0,0.9135657538983818,2,0,0,1
3,1,0,0,1,0,0,0.0622747089722242,0,1,0,1
0,0,1,0,2,0,0,0.2309349240587143,0,0,1,1
3,2,1,1,4,0,0,0.7916397887322281,1,0,0,1
4,1,0,1,1,0,0,0.575672950323273,2,1,2,1
2,2,0,2,1,0,0,0.8335540845271564,1,1,1,1
1,1,0,0,2,0,0,0.7621936209350464,2,0,0,1
5,0,0,0,2,0,0,0.6189331407873936,2,2,0,1
2,4,1,0,2,0,0,0.07580890530292217,1,0,0,1
4,1,0,0,2,0,0,0.6628619611042004,0,0,1,2
1,0,1,1,1,0,0,0.8363436580998854,2,0,0,2
1,1,0,0,3,0,0,0.022219550888747164,0,0,0,2
0,1,0,0,4,0,0,0.6338575397491244,0,0,1,2
0,1,1,3,2,0,0,0.9561735689021517,1,0,0,2
0,0,0,2,3,0,0,0.48925072508504475,2,0,0,2
3,0,0,0,3,0,0,0.7082744195184913,1,1,0,2
3,3,1,2,2,0,0,0.4732394609093964,1,0,0,2
1,0,1,2,3,0,0,0.8092496104593588,0,0,1,2
3,0,0,0,2,0,1,0.11488617636205978,0,0,0,2
4,1,0,2,3,0,0,0.3260835280359202,0,0,0,2
3,1,1,1,4,0,0,0.9887765137747464,1,1,0,2
2,0,0,2,1,0,0,0.4158686257602485,1,1,0,2
1,1,0,1,3,0,0,0.5296822416141735,0,0,0,2
2,0,0,3,0,0,0,0.31227624936472675,1,0,0,2
0,3,2,0,1,0,0,0.41860798128775345,1,0,0,2
2,0,0,0,4,0,0,0.5065573319229318,1,0,0,2
1,1,1,1,1,0,0,0.048361144683262136,1,0,2,2
2,0,1,1,1,0,0,0.08611437761067886,0,0,0,2
0,0,0,1,1,0,0,0.8430076212071542,5,0,1,2
2,1,0,0,5,0,0,0.9982425596055562,2,0,1,2
0,1,1,0,0,0,0,0.6288936581697533,0,0,0,2
2,0,2,1,3,0,0,0.4115001925727657,1,0,0,2
1,1,0,0,4,0,0,0.8455315977132729,2,0,0,2
2,1,0,2,4,0,0,0.07689305167633409,1,0,0,2
3,3,1,1,1,0,0,0.34491239814882046,1,0,0,2
0,0,1,1,4,0,0,0.599015794649342,1,0,0,2
0,0,0,0,2,0,0,0.4574203816834289,4,0,0,2
2,2,0,2,1,0,0,0.5839544946164394,1,1,1,2
0,0,0,2,2,0,0,0.19879157526502023,1,0,0,2
1,1,0,2,2,0,0,0.40738481657844616,0,0,0,2
0,1,0,4,2,0,0,0.1088206665769359,0,0,0,2
1,1,0,1,4,0,0,0.135864972290755,2,0,1,2
1,1,0,0,3,0,0,0.6261521940575756,2,1,0,2
3,3,0,2,2,0,0,0.8283234082280619,0,0,1,2
1,1,1,1,3,0,0,0.8257657968038176,2,0,0,2
1,2,1,3,1,0,0,0.6961412953137344,3,0,0,2
3,0,1,3,1,0,0,0.381436791234394,1,0,0,2
3,0,0,4,1,0,0,0.7618668838244692,0,0,0,2
1,2,1,0,0,0,0,0.4557253697195788,0,0,0,2
2,1,0,0,4,0,1,0.9220707275291061,3,0,0,2
3,0,0,2,2,0,0,0.4974465885716802,1,0,1,2
3,0,0,1,1,0,0,0.40753139030697294,2,0,0,2
2,0,1,2,1,0,0,0.7731595066689099,1,1,0,2
1,1,0,0,1,0,0,0.06084054837750452,1,1,0,2
6,0,0,2,1,0,0,0.5961380543472125,0,0,0,2
2,4,0,1,3,0,0,0.5517828138147726,1,0,0,2
4,0,0,1,0,0,0,0.4015291963711892,2,0,0,2
0,0,0,3,4,0,0,0.11285091627685506,0,0,2,2
5,3,0,0,0,0,0,0.8308166852683603,1,2,1,2
2,0,0,0,3,0,0,0.3495971757864884,0,0,0,2
0,0,1,1,9,0,0,0.20419228024663272,0,0,1,2
4,1,2,1,3,0,0,0.2833391433115241,1,0,1,2
2,4,0,0,0,0,0,0.4343496108402656,0,0,0,2
1,2,0,1,4,0,0,0.2653298865328506,3,0,0,2
5,2,0,1,3,0,0,0.5915867182779413,1,0,0,2
3,0,0,0,4,0,0,0.4232780060314799,3,0,0,2
1,1,1,1,1,0,0,0.026843193529352494,1,0,1,2
2,1,0,2,0,0,0,0.3015901782179956,0,0,1,2
3,0,1,1,1,0,0,0.43703897660570645,2,0,0,2
2,0,1,1,2,0,0,0.7165930509394319,3,0,0,2
2,0,0,3,1,0,0,0.5063231281062333,2,0,0,2
1,1,1,0,4,0,0,0.6371121266529223,3,1,1,2
2,1,0,1,2,0,0,0.5215726259260078,0,0,0,2
1,0,0,0,1,0,0,0.7982543136202114,1,0,0,2
3,2,0,0,3,0,0,0.44763421753037724,2,0,1,2
0,3,1,2,1,0,0,0.8861039752628751,1,1,0,2
1,3,1,1,1,0,0,0.12886621300321577,1,0,0,2
1,1,0,0,4,0,0,0.10920412927457657,1,0,0,2
3,2,0,0,1,0,0,0.7740543304860313,2,1,0,2
3,0,0,3,2,0,0,0.8287878578635485,1,0,0,2
5,1,1,3,0,0,0,0.19846533686115642,0,0,0,2
1,1,0,0,1,0,0,0.04036771492484037,1,0,0,2
2,2,0,0,4,0,0,0.3161706063314904,2,0,1,2
2,2,0,2,2,0,0,0.3012987429147884,1,0,1,2
2,0,0,0,3,0,1,0.2787985815563121,0,0,0,2
1,1,0,0,2,0,0,0.5770715297575157,1,0,0,2
1,1,1,3,1,0,0,0.08289529333079204,0,1,1,2
0,0,0,3,0,0,0,0.9480821466013982,1,0,0,2
1,0,0,0,1,0,0,0.5589398886936967,1,0,0,2
0,2,1,1,3,0,0,0.5405754596349489,0,0,1,2
2,1,1,3,2,0,0,0.8643778539645536,0,0,0,2
3,1,1,1,1,0,1,0.7529872476240779,0,0,0,2
1,1,1,1,4,0,0,0.003684222937296644,1,0,0,2
2,0,0,0,1,0,0,0.9643684899685787,1,0,0,2
1,1,0,0,5,0,0,0.5143442063501193,0,1,0,2
0,0,1,1,2,0,0,0.0783192431333043,0,2,0,2
6,3,1,2,1,0,0,0.7215466888870882,1,0,0,2
1,1,0,3,0,0,0,0.2887824462840458,0,0,0,2
4,0,1,0,2,0,1,0.8470627352399588,1,0,0,2
2,0,2,0,1,0,0,0.47107476946485727,1,0,0,2
2,2,0,0,2,0,0,0.8147217086170458,0,0,0,2
1,0,0,2,2,0,0,0.9944749349325639,0,0,0,2
1,0,0,0,2,0,0,0.31362016453946506,1,0,0,2
1,0,0,0,0,0,0,0.08537572012263772,0,0,0,2
1,5,1,0,1,0,0,0.16959485478562253,0,0,1,2
3,1,1,1,2,0,0,0.9236557889689716,4,0,0,2
1,1,0,0,0,0,0,0.17551716298171904,0,0,0,2
2,1,0,1,2,0,0,0.18185756372715323,1,0,1,2
3,2,0,0,3,0,0,0.284147453876896,2,0,0,2
2,1,0,1,1,0,0,0.38572665243612403,0,0,2,2
2,0,0,0,0,0,0,0.5428168157703204,1,0,1,2
5,0,0,0,3,0,0,0.48029724733787227,3,0,0,2
5,1,1,1,1,1,0,0.9632217107209375,1,0,0,2
4,0,0,0,3,0,0,0.6762790760264773,0,0,1,2
4,1,0,2,1,0,0,0.3130182424505834,1,0,0,2
2,1,0,0,3,0,0,0.8473545850424264,1,0,0,2
2,2,0,0,3,0,0,0.3322428808117953,0,0,2,2
4,1,1,0,1,0,0,0.37137650221642116,0,0,0,2
4,1,0,0,2,0,0,0.45474612582541196,2,0,0,2
2,1,1,2,2,0,0,0.00880349583157769,2,0,0,2
1,2,0,1,1,0,0,0.08735305437715424,1,0,0,2
2,1,1,1,0,0,0,0.1834932731734248,0,0,0,2
4,0,0,0,2,0,0,0.4224452634970606,0,0,0,2
3,2,1,1,0,0,0,0.5333865386259458,0,1,0,2
0,1,0,2,1,0,0,0.4224527826651583,0,0,0,2
1,0,0,1,2,0,0,0.6250804492058794,2,0,0,2
3,0,1,0,1,0,0,0.19735437282486512,1,1,0,2
3,0,1,1,1,0,0,0.875847031887307,1,0,0,2
2,2,0,0,1,0,0,0.989735277624712,0,1,0,2
0,1,1,2,4,0,0,0.8806524306601938,1,0,0,2
0,3,0,1,2,0,0,0.8216858743229275,0,0,1,2
3,1,1,0,1,1,0,0.5077613263345582,1,1,0,2
1,0,0,1,2,0,0,0.6861222532194732,0,0,1,2
3,1,0,0,3,0,0,0.7699801780609384,3,0,0,2
3,1,1,2,5,0,0,0.7251355212790334,3,1,1,2
1,1,0,1,0,0,0,0.6045517236044237,3,0,0,2
4,1,0,0,2,0,0,0.5848576295102085,2,0,0,2
2,1,0,0,2,0,0,0.914017870943477,0,0,0,2
3,2,0,1,3,0,1,0.14681745314714012,0,0,0,2
6,1,1,0,2,0,0,0.9751063319018091,0,1,0,2
1,0,0,2,1,0,0,0.15637269914696605,0,0,0,2
2,2,0,1,1,0,0,0.7616560215131376,1,0,0,2
4,3,1,5,1,1,0,0.9180061392101246,1,0,0,2
1,1,1,0,1,0,0,0.9950563062009432,1,0,0,2
1,0,0,5,1,0,0,0.9645076601463674,0,1,0,2
1,2,1,1,3,0,1,0.45406956204589366,5,0,0,2
1,0,0,0,3,0,0,0.6382373826943482,1,0,0,2
1,0,2,1,2,0,0,0.030509524224465734,0,0,1,2
2,1,0,0,1,0,0,0.6386828830925573,1,0,0,2
2,0,1,0,1,0,0,0.9578356954060507,1,0,0,2
1,1,0,2,2,0,0,0.7431044951080662,0,0,0,2
2,1,0,0,3,0,0,0.37595061507127214,1,0,1,2
1,0,1,0,0,0,0,0.0077244233103566096,0,1,1,2
1,0,0,1,1,0,0,0.4625173498930021,1,0,0,2
3,0,0,0,2,0,0,0.3154107490099727,0,0,0,2
1,0,0,0,2,0,0,0.6296715827500913,1,0,0,2
1,1,0,1,3,0,0,0.6413293233984675,2,0,1,2
2,3,1,2,3,0,0,0.6698037371880823,1,0,1,2
0,1,1,1,4,0,0,0.8338832770601474,1,0,1,2
2,1,0,0,2,0,0,0.3811402709573133,0,0,0,2
3,0,1,1,2,0,0,0.792969043836095,0,0,0,2
3,1,1,0,1,0,0,0.6811509143347849,1,1,0,2
0,2,0,2,3,0,0,0.6580092043593223,2,0,0,2
1,0,0,0,5,0,0,0.520778998932471,5,0,0,2
0,1,0,2,2,0,0,0.11283996745367852,2,0,1,2
1,1,0,1,2,0,0,0.7558433370676159,2,0,0,2
1,1,0,1,2,0,0,0.767331215718109,0,0,0,2
2,4,1,4,1,0,0,0.21748112869465175,1,0,0,2
4,0,0,2,7,0,0,0.2238225438109197,0,0,0,2
3,1,1,1,0,0,0,0.18319128122142814,0,0,0,2
2,1,0,2,1,0,0,0.4909543809603192,1,1,0,2
3,1,1,1,1,0,0,0.2193606087177371,1,1,0,2
3,0,0,3,2,0,0,0.4216398922791649,3,0,1,2
3,0,0,0,4,0,0,0.7320228555668845,0,0,0,2
5,2,0,2,2,0,0,0.920993700259298,1,0,1,2
2,0,1,1,1,0,0,0.4692785143095316,1,0,0,2
3,2,0,0,0,0,0,0.6428152700076207,4,1,0,2
3,1,0,1,1,0,0,0.26538410163146364,0,0,0,2
2,2,0,0,4,0,0,0.044015009283504436,0,1,0,2
6,0,0,0,1,0,0,0.06766666881779615,0,0,1,2
1,0,1,1,0,0,0,0.9856897341438687,2,0,0,2
1,1,0,0,1,0,0,0.03714301488996563,0,1,0,2
2,0,0,0,2,0,1,0.5242937268182539,1,1,0,2
3,1,1,2,0,0,1,0.2607133811763971,2,0,0,2
3,1,1,0,1,0,0,0.06816227432318711,2,1,0,2
3,0,0,1,2,0,0,0.24637857736516844,0,0,0,2
4,1,1,1,1,0,0,0.2167622193060148,0,2,0,2
0,1,0,0,2,0,0,0.5606418103572527,1,0,1,2
0,2,0,0,2,0,0,0.29002652940310913,1,0,0,2
3,0,2,1,2,0,0,0.6378034363902771,1,0,0,2
4,0,1,2,1,0,0,0.7966477799189666,1,0,2,2
0,2,0,1,3,0,0,0.8308846549970846,2,0,0,2
3,0,1,0,1,0,0,0.1319188241218373,3,0,0,2
2,0,2,1,5,0,0,0.4151409032712696,3,1,1,2
1,1,0,0,2,0,0,0.8384345789237252,1,0,0,2
2,1,1,0,2,0,0,0.7019882957410561,0,0,0,2
4,1,1,1,0,0,0,0.645120590361092,1,0,0,2
1,0,0,1,0,0,0,0.852002453674455,0,0,0,2
0,2,0,0,0,0,0,0.9819914642328593,1,0,0,2
2,0,1,3,0,0,0,0.26195680102937846,1,0,0,2
3,1,2,0,1,0,0,0.40328612263531816,1,0,0,2
1,0,2,1,2,0,0,0.40386985024692945,1,0,1,2
3,2,0,1,1,0,0,0.8826190768485209,5,0,0,2
2,0,0,1,2,0,0,0.19517631312064454,1,0,0,2
3,0,0,2,3,0,0,0.5132323180269306,0,0,0,2
0,3,0,0,2,0,0,0.11808370849260674,0,0,0,2
3,0,0,3,1,0,1,0.07976654224658386,3,0,0,2
1,4,0,4,2,0,0,0.2448296501320295,0,0,0,2
1,0,1,2,6,0,0,0.8567619659982312,1,0,0,2
2,0,0,0,2,0,0,0.24552293694921912,2,0,0,2
2,2,1,0,3,0,0,0.4638982430576385,1,0,0,2
3,2,0,0,0,0,0,0.13902982277913256,1,0,1,2
1,1,0,4,1,0,0,0.5623899431754806,0,0,0,2
2,4,1,0,2,0,0,0.2814357068939418,0,1,0,2
1,0,0,0,6,0,0,0.8091142454100457,2,0,0,2
5,2,0,1,2,0,0,0.1416095275481688,0,0,0,2
4,3,0,2,4,0,0,0.1915798273860435,3,0,0,2
3,0,0,0,0,0,0,0.45236252256599163,3,0,2,2
1,1,0,1,4,0,0,0.7269556262154051,0,0,0,2
2,0,0,0,2,0,0,0.8538346451037401,1,0,0,2
3,2,0,2,3,0,0,0.4287074658461033,0,0,0,2
1,3,1,1,3,0,0,0.844806057063655,1,0,1,2
1,0,0,0,0,0,0,0.45561007099616024,0,0,0,2
4,1,1,1,3,0,0,0.3932471263264099,2,0,0,2
2,0,1,2,2,0,0,0.5041670003592083,1,0,0,2
4,1,0,1,2,0,0,0.16125675625106528,0,0,0,2
1,2,0,1,3,0,0,0.7706130390922792,2,0,0,2
1,1,2,0,0,0,0,0.2844345811289547,0,0,2,2
3,0,1,1,2,0,0,0.514844809871706,3,0,0,2
4,2,0,0,3,0,0,0.9060143813413404,1,1,1,2
2,0,0,1,3,0,0,0.36947963730367905,0,0,1,2
1,1,1,1,4,0,0,0.9730841670254099,0,0,0,2
3,0,2,0,3,0,0,0.6713204009155914,1,1,0,2
7,1,1,1,2,0,0,0.2739201611794361,1,0,0,2
2,0,0,0,4,0,0,0.22351620395744554,2,0,0,2
4,2,0,2,3,0,0,0.9422666175881238,0,0,2,2
2,0,2,0,0,0,0,0.4388242684315199,0,1,0,2
2,3,0,0,1,0,0,0.8278098400077146,0,0,0,2
0,1,0,1,3,0,0,0.7795235278040085,0,0,1,2
1,0,2,0,4,0,0,0.6211948803703564,2,0,2,2
0,1,0,1,2,0,0,0.7113643078469721,0,0,1,2
1,1,0,2,2,0,0,0.06675225970506449,2,0,0,2
1,0,1,1,0,0,0,0.9231253700074512,0,0,0,2
1,1,2,1,2,0,0,0.9809850236575932,0,0,0,2
1,1,1,1,0,0,0,0.2010119049107818,1,0,1,2
1,1,0,1,4,0,0,0.6556640620063496,1,0,0,2
0,1,0,1,0,1,0,0.03878032197966841,0,0,1,2
1,1,2,1,4,0,0,0.22644983583662703,0,0,0,2
1,0,1,0,2,0,0,0.9454557847029669,2,0,2,2
0,0,0,0,3,0,0,0.4494271130291192,0,0,0,2
2,0,0,1,1,0,0,0.7019531189647382,2,0,0,2
5,0,0,1,2,0,0,0.7244126990152753,1,0,2,2
2,1,0,1,0,0,0,0.7614271182624778,2,0,0,2
2,3,1,2,1,0,0,0.025069566898922258,2,0,1,2
3,1,1,2,1,0,0,0.3643492864088419,2,0,0,2
0,1,2,0,1,0,0,0.11507580918612048,0,0,0,2
4,2,1,1,2,0,0,0.5894726929386626,0,0,0,2
4,2,0,1,5,0,0,0.31262811326162965,1,0,0,2
0,1,2,1,3,1,0,0.950932910141356,1,0,0,2
0,4,1,2,0,0,0,0.355877720628511,0,0,0,2
2,1,0,1,4,0,0,0.14589471180634295,1,0,1,2
1,0,0,1,3,0,0,0.671598437612418,2,1,0,2
3,2,0,0,3,0,0,0.10386737170233085,2,0,0,2
1,2,0,3,5,0,0,0.6884364529923342,0,0,1,2
1,0,1,2,6,0,0,0.02501862919712372,0,1,2,2
2,2,0,1,1,0,0,0.8778766075752451,0,1,1,2
7,0,1,0,3,0,0,0.9178711728084673,1,0,2,2
2,0,0,0,4,0,0,0.3390438493316543,1,0,0,2
1,0,0,0,1,0,0,0.258849276574712,0,0,0,2
3,0,0,1,4,1,0,0.5391215112985428,2,0,0,2
3,3,0,1,2,0,0,0.7420389959338953,1,0,1,2
3,1,1,0,3,0,0,0.7864412661286624,0,0,0,2
1,0,1,0,3,0,0,0.982816693899253,1,0,0,2
3,1,0,1,2,0,0,0.21181315240154497,0,0,0,2
1,2,0,3,1,0,0,0.9530147770835244,1,0,0,2
2,2,0,1,2,0,0,0.9550897755599678,2,0,0,2
3,0,0,0,1,0,0,0.11820423224705356,2,0,0,2
1,0,0,0,2,0,1,0.6404447405487677,0,0,1,2
1,0,1,2,1,0,0,0.15282630385586804,1,0,0,2
1,1,1,1,1,0,1,0.8899532984996119,2,0,1,2
1,1,0,1,2,0,1,0.2704375410106926,0,0,0,2
1,4,2,0,0,0,0,0.7223317996416276,0,0,0,2
1,0,1,1,1,1,0,0.5630190904419571,1,1,0,2
0,0,1,0,3,0,0,0.6854990731961186,1,0,0,2
1,1,0,0,0,0,0,0.6689709325874896,1,1,0,2
2,0,0,0,2,0,0,0.62768906685396,1,0,0,2
3,1,0,2,3,0,0,0.16668355625837417,0,0,0,2
1,4,1,0,0,0,0,0.2275851636049181,1,1,1,2
0,0,2,3,1,0,0,0.033041917544817334,0,0,0,2
5,2,2,2,1,0,0,0.6674784651607845,0,0,0,2
1,1,1,0,2,0,0,0.8759079965551216,2,0,1,2
1,0,0,0,4,0,0,0.9692657190187571,1,0,0,2
2,0,0,1,2,0,0,0.11642113613397254,0,0,0,2
0,2,0,1,3,0,0,0.6454890636321183,0,0,1,2
4,1,0,0,3,0,0,0.14239190151493686,0,0,0,2
1,2,1,0,2,0,0,0.0582030576931275,1,0,0,2
1,1,0,2,4,0,0,0.0764774719706478,0,0,0,2
2,1,0,0,1,0,0,0.4135649334791133,1,1,0,2
1,0,1,0,1,0,1,0.6120343902591029,1,0,1,2
1,1,0,1,2,0,0,0.76647969219706,2,0,0,2
2,1,1,2,5,0,1,0.9958008857263747,0,0,0,2
2,2,1,0,4,0,0,0.3457052745794835,0,0,0,2
4,2,0,0,3,0,0,0.008763079039710187,0,0,1,2
5,1,2,0,1,0,1,0.9288380325250193,1,0,0,2
6,2,1,0,2,1,0,0.4276152561599619,0,0,0,2
3,2,1,0,5,0,0,0.14798317024855157,2,0,0,2
3,0,1,1,2,0,0,0.5108662399318309,1,1,1,2
1,2,0,0,2,0,0,0.416960249166346,0,0,0,2
1,0,0,0,0,0,0,0.19934593938724177,1,1,0,2
0,1,1,0,5,0,0,0.4880644617215696,1,0,1,3
3,1,0,2,1,0,0,0.999700380159003,3,0,0,3
1,0,2,1,3,0,0,0.8792578871727578,0,0,0,3
0,1,0,0,0,0,0,0.8447802213682152,3,1,0,3
1,0,0,0,2,0,0,0.621597500880273,3,0,0,3
1,1,1,2,2,0,0,0.3809019068863001,2,0,0,3
5,0,0,2,5,0,0,0.0634593316864942,1,0,0,3
1,3,0,0,2,0,0,0.8333437157919458,0,0,0,3
2,0,0,2,4,0,0,0.6621835344225275,0,0,0,3
2,0,0,0,3,0,0,0.6485645397656493,0,0,1,3
2,2,0,0,0,0,0,0.9681492178978126,2,0,0,3
2,0,0,1,4,1,0,0.06526926705000291,1,0,0,3
3,0,0,1,3,0,0,0.9670196124538,0,0,1,3
5,0,1,2,2,0,0,0.9484592437462946,1,0,0,3
0,0,0,0,3,0,0,0.7350170589578987,2,0,0,3
3,0,1,5,3,0,0,0.3843035404654369,2,0,0,3
1,1,0,1,5,0,0,0.5489545960136767,2,0,0,3
2,1,1,0,3,0,0,0.08391433996614317,1,1,0,3
3,1,0,0,1,0,0,0.21401932436740223,1,0,0,3
1,3,0,2,1,0,0,0.05499250296220648,1,0,0,3
4,4,0,0,1,0,1,0.5277351286165267,3,1,0,3
4,2,1,1,2,0,0,0.42377547431288265,1,0,0,3
2,0,0,1,0,0,0,0.7310652776402013,0,0,0,3
1,0,0,1,1,0,0,0.18218418311472162,0,0,0,3
2,0,0,1,3,0,0,0.6347470946743723,1,0,0,3
2,4,1,1,0,0,0,0.2598492856101361,1,0,0,3
2,1,1,1,2,0,0,0.82222008614514,0,0,0,3
3,1,2,0,4,0,0,0.500711774512579,1,2,0,3
1,0,0,2,2,0,0,0.660274890417273,3,0,0,3
1,0,0,1,0,0,0,0.4823127195021484,0,0,1,3
4,0,1,2,4,0,0,0.04188925470677485,1,0,0,3
2,1,1,0,1,0,0,0.9380298138358416,0,0,0,3
1,0,1,2,1,0,0,0.2173911086041621,1,0,0,3
1,1,2,0,0,0,0,0.6062353390401819,0,0,0,3
2,1,0,0,3,1,0,0.8621599777874925,1,0,1,3
3,1,2,0,2,0,0,0.09319412716793463,2,0,0,3
1,2,2,0,0,0,0,0.5432039624136645,1,0,0,3
0,2,2,1,2,0,0,0.41947554062555226,0,1,1,3
1,0,2,1,2,0,0,0.8979299050762785,0,0,1,3
1,0,1,4,4,0,0,0.7421422985058311,0,0,0,3
2,1,1,2,2,0,0,0.8541753404712624,0,0,1,3
3,0,0,1,2,0,1,0.14247759005625105,0,0,0,3
6,1,0,0,1,0,0,0.8941285112189128,1,0,0,3
3,0,2,0,4,0,0,0.6093759065608593,1,0,1,3
4,0,1,1,2,0,0,0.713870965404881,1,0,0,3
0,3,0,1,4,0,0,0.4906692750467202,0,0,0,3
4,1,0,0,1,0,0,0.40725598007522223,0,0,0,3
2,3,0,0,3,0,0,0.16824269171244155,0,2,0,3
5,0,0,0,3,0,0,0.567603152362607,1,0,0,3
1,0,0,1,3,0,0,0.36839971314116204,2,0,0,3
0,2,0,1,1,0,1,0.05022678196234065,1,0,0,3
2,1,0,0,3,0,0,0.3436079154085142,0,0,0,3
1,2,0,0,1,0,0,0.5464628172123975,1,0,0,3
2,1,1,3,0,0,0,0.6942520350154334,0,0,1,3
1,0,2,1,1,0,0,0.034990197046062654,0,1,1,3
0,3,1,1,1,0,0,0.25949894807703744,3,0,0,3
2,1,1,0,2,0,0,0.03255845068035734,1,0,1,3
2,1,1,3,4,1,0,0.7790552663696864,1,0,0,3
2,0,0,1,2,0,0,0.006908020163075901,2,0,0,3
4,0,0,1,0,0,0,0.7049447731750834,1,0,0,3
0,0,0,2,2,0,0,0.9842528912955107,0,0,0,3
1,1,0,2,2,0,0,0.9065193649330713,0,0,0,3
2,1,0,2,2,0,1,0.28344294466704745,1,0,0,3
0,0,1,1,4,0,0,0.07738454446561216,0,0,0,3
2,1,0,2,3,0,0,0.2810413426843481,1,1,0,3
0,1,0,1,2,0,0,0.592205819751035,0,0,0,3
1,2,0,1,3,0,0,0.4759573415995997,0,0,0,3
4,1,0,0,3,0,1,0.745198018077224,0,0,0,3
0,0,1,3,1,0,0,0.33772692257468795,0,0,0,3
2,0,3,0,1,0,0,0.7422486108682751,2,0,0,3
1,2,1,1,3,0,0,0.546429469477635,2,0,0,3
1,1,1,1,5,0,0,0.5057044446692204,0,0,0,3
1,0,2,0,1,0,0,0.16004325402078223,3,1,0,3
3,2,0,0,4,0,0,0.32711979924991796,0,0,0,3
2,0,1,2,0,0,0,0.6655237320887248,0,0,0,3
2,1,0,2,1,0,0,0.7404884212359759,1,0,0,3
2,0,0,0,2,0,0,0.9834695259584499,1,0,1,3
3,2,0,1,4,0,0,0.4488025903629541,1,1,0,3
5,0,2,0,1,0,1,0.22057259127485185,1,0,0,3
3,1,1,3,4,0,0,0.13468041705812483,1,0,1,3
2,1,0,1,2,0,0,0.6964712651847081,1,0,0,3
2,0,2,0,0,0,0,0.5504219189593855,1,1,0,3
0,1,0,0,0,1,0,0.012478111249260238,1,1,0,3
2,2,0,1,0,0,0,0.9805979641630792,0,0,3,3
2,1,1,2,2,0,0,0.9279047416150972,4,1,2,3
1,0,0,2,2,0,0,0.4487373923791128,0,0,0,3
2,0,0,1,2,0,0,0.9528612972579363,1,0,0,3
2,1,1,0,0,0,0,0.3907828297214162,1,0,0,3
4,0,0,2,1,0,0,0.7262271666223106,0,0,0,3
1,1,1,0,2,0,0,0.10058177199869989,1,0,0,3
3,1,1,2,1,0,0,0.8265344245233718,0,0,0,3
2,1,1,0,0,0,0,0.7155744200624627,2,0,0,3
2,2,1,0,1,0,0,0.37052340956365526,1,1,0,3
2,1,0,1,5,0,1,0.11869935581078195,0,1,1,3
2,0,1,0,1,0,0,0.18920520510325034,2,0,1,3
2,2,1,1,1,0,0,0.9783279362333148,0,0,0,3
5,3,0,1,2,0,0,0.5520957542406048,1,0,0,3
3,1,1,1,2,0,0,0.7196912101425352,1,0,0,3
2,1,0,2,1,0,0,0.6096422150332484,0,1,0,3
0,1,2,2,2,0,0,0.34293138398074274,0,0,1,3
1,1,0,1,1,0,0,0.8863561167308099,0,0,0,3
1,1,0,1,4,0,0,0.0718498289647197,0,0,0,3
4,1,0,1,2,0,0,0.17168003076279703,2,0,2,3
3,0,1,1,1,0,0,0.9592882808311722,3,0,1,3
0,1,0,2,4,0,0,0.6331583573454072,2,0,0,3
5,1,1,2,0,0,0,0.8557148283879793,0,0,0,3
2,1,1,1,1,0,1,0.037641986320357534,2,0,1,3
2,0,0,0,6,0,0,0.5054334569106228,0,0,0,3
1,3,0,0,4,0,0,0.7950667464045836,3,0,0,3
3,1,0,0,1,0,0,0.258629570817003,1,0,0,3
1,0,0,0,0,0,1,0.9087517268311953,1,0,1,3
1,1,1,1,1,0,0,0.5117437916881182,1,0,0,3
3,0,0,1,3,0,0,0.8467685037278364,0,0,1,3
1,1,1,0,1,0,0,0.6705894141254084,2,0,1,3
3,1,2,0,2,0,0,0.052158966553800035,0,0,0,3
3,0,0,0,1,0,0,0.035012040170099734,1,1,0,3
2,0,1,1,4,0,0,0.5532377927821303,2,0,0,3
2,1,2,1,0,0,0,0.3623630169214601,1,0,1,3
3,2,1,0,0,0,0,0.6771265979908703,0,0,1,3
3,0,1,0,1,1,0,0.07299744684384823,1,0,0,3
1,2,1,0,3,0,0,0.35061214529191154,0,0,1,3
1,2,0,4,3,0,0,0.817291464544442,1,0,0,3
3,0,0,2,1,0,0,0.574584951448726,0,0,1,3
6,2,0,2,1,0,0,0.6026781286444157,0,0,0,3
1,2,1,2,1,0,0,0.3175946667540216,1,1,1,3
0,0,0,2,3,0,0,0.499441984857674,0,1,2,3
1,1,1,1,3,0,0,0.44683104657394956,0,1,0,3
2,0,0,3,0,0,0,0.5091603603206812,3,0,0,3
3,1,2,1,1,1,0,0.4520853769052362,0,1,0,3
2,1,0,0,3,0,0,0.7588128467327129,1,0,0,3
3,3,0,1,0,0,0,0.6767741649140215,2,0,0,3
1,2,1,3,4,0,0,0.8820600240401962,1,1,0,3
4,0,1,3,0,0,0,0.2539475462040769,0,1,0,3
0,1,0,0,2,1,0,0.9587192154408547,1,0,0,3
3,1,0,1,2,0,0,0.5658455766296163,3,0,0,3
0,1,0,2,0,0,0,0.6269653738279862,1,0,0,3
4,0,1,0,1,0,1,0.11814706050345791,2,0,1,3
4,0,1,0,0,0,0,0.7972961633370326,1,3,0,3
1,0,0,0,1,0,0,0.7597558979778708,1,0,0,3
1,0,1,1,1,0,0,0.46656057199999323,2,3,0,3
2,1,0,3,2,0,0,0.1430174111867687,3,0,0,3
1,0,0,0,4,0,0,0.11939187938017692,1,0,0,3
2,1,0,1,2,0,0,0.865358894004479,0,0,0,3
1,1,0,1,2,0,0,0.7856760735629728,0,0,0,3
4,1,0,0,1,0,0,0.03916363590290628,1,1,0,3
4,0,0,1,3,0,0,0.6865585391623071,1,0,0,3
0,0,1,1,0,0,0,0.15661064987483664,1,0,1,3
1,1,0,1,0,1,0,0.13108937861355296,1,0,1,3
4,0,1,1,3,0,0,0.16928708334492482,0,0,0,3
1,0,0,1,2,0,0,0.7178761432948871,1,0,0,3
4,1,1,1,3,0,0,0.9206174352932713,2,0,0,3
2,0,1,0,0,0,0,0.8574109197540785,2,0,0,3
3,0,1,0,3,0,0,0.8919060198940899,0,0,1,3
3,1,2,0,0,0,0,0.24233543701887694,2,0,1,3
3,3,0,2,5,0,0,0.09833306729417168,0,0,0,3
1,2,0,0,2,0,0,0.4885016342116223,4,1,0,3
2,2,0,2,2,0,0,0.7053097903417521,0,0,0,3
3,1,1,2,3,0,0,0.4286006492778389,0,0,0,3
0,0,0,1,2,0,0,0.875310307150778,2,0,0,3
1,0,0,0,2,0,0,0.8319841840870209,1,0,0,3
2,0,0,0,1,1,0,0.8902268236723756,0,0,0,3
2,2,0,1,2,0,0,0.9689357353508381,1,0,1,3
6,0,1,0,4,0,0,0.09854116099648613,1,0,0,3
1,0,0,1,3,0,1,0.9098651190833731,1,0,0,3
3,2,0,1,1,0,0,0.07549265411314743,2,0,0,3
1,1,0,2,3,0,0,0.8236418916802564,1,0,0,3
2,0,2,0,0,0,0,0.9143744257319552,0,0,0,3
1,0,2,0,0,0,0,0.10510753879156332,2,0,1,3
2,0,0,0,2,1,0,0.6574677229733823,2,0,0,3
1,2,0,0,2,0,0,0.4031046532146446,0,0,0,3
2,1,1,4,0,0,0,0.8721459519002287,0,1,1,3
1,2,0,0,0,0,0,0.47091406690447113,0,0,0,3
3,1,0,0,3,0,0,0.30018426594523917,1,1,0,3
2,2,0,0,4,0,0,0.061811006189117945,1,0,0,3
2,0,1,1,2,0,0,0.903686208234249,1,0,0,3
4,2,1,3,3,0,0,0.2679536687201953,4,1,0,3
2,0,1,0,1,0,0,0.48503871297964707,3,0,0,3
1,2,0,3,2,0,0,0.7440319470543655,0,0,1,3
4,1,2,1,3,0,0,0.17108112782407991,1,0,0,3
2,0,0,2,2,0,0,0.6253383561719609,2,0,0,3
1,3,0,0,4,0,0,0.5036254756971492,2,0,1,3
2,2,1,2,0,0,0,0.12398544142247836,1,0,1,3
2,0,1,1,2,0,0,0.9314790440809768,0,0,0,3
2,2,0,0,3,0,0,0.9874811713921036,1,0,0,3
1,0,0,1,2,0,0,0.25690179210011,1,0,0,3
3,2,0,1,2,0,0,0.20818615844113908,1,0,0,3
2,0,1,2,4,0,0,0.6699369110291288,1,0,0,3
4,2,0,1,1,0,0,0.8762579877898031,0,0,1,3
4,0,0,1,5,0,0,0.03150484054542424,0,0,0,3
3,1,0,1,3,0,0,0.6243750536230654,2,1,0,3
1,1,1,2,3,0,0,0.2055516307118781,0,0,1,3
2,2,1,1,4,0,0,0.3383002414070537,2,0,1,3
1,3,1,0,1,0,0,0.0733846471626508,0,0,0,3
0,1,0,1,1,0,0,0.06314477502628513,2,0,1,3
2,0,2,0,3,0,0,0.7521329708172915,2,0,1,3
0,3,1,1,1,0,0,0.042529968019864084,0,2,0,3
1,1,1,4,2,0,0,0.08458050840822662,3,1,0,3
4,1,1,2,2,0,0,0.7095653375462986,1,0,0,3
4,1,0,1,0,0,0,0.4282835940094283,1,0,1,3
1,2,0,2,1,0,0,0.7221860431959124,1,0,0,3
3,1,0,3,0,0,0,0.27326278689322747,1,0,0,3
3,0,0,1,4,0,0,0.6167379627886383,0,0,0,3
1,0,0,0,1,0,0,0.05531175456904147,2,0,1,3
1,0,1,1,0,0,0,0.16216363405471912,1,0,0,3
1,1,0,2,2,0,0,0.396556532685573,0,0,0,3
2,1,0,1,4,1,0,0.4731450381249257,3,0,0,3
2,1,1,0,2,0,0,0.2610899459359546,1,0,0,3
1,0,0,0,2,0,0,0.36677207342499774,1,0,0,3
3,0,1,1,3,0,0,0.4062846222548647,0,0,0,3
2,4,1,1,1,0,0,0.6002343594318488,0,0,0,3
0,0,0,1,1,0,0,0.5157603055047414,2,0,1,3
4,1,0,1,1,0,0,0.4150130170059436,0,0,0,3
0,1,0,2,1,0,0,0.10033834019529586,0,0,1,3
1,1,1,0,0,0,0,0.905612547382072,1,0,0,3
0,1,0,0,1,0,0,0.41095925294449254,0,1,0,3
1,2,0,0,1,0,0,0.7635348381550139,0,0,1,3
2,1,3,2,1,0,0,0.911919004810685,1,0,0,3
3,1,2,1,4,0,0,0.10281204288756518,1,0,0,3
1,2,2,1,0,0,0,0.5275403427892839,1,0,0,3
1,2,0,1,1,0,0,0.4969353906281483,0,0,0,3
2,1,1,1,2,0,0,0.5966671179970044,1,1,0,3
1,2,0,2,1,0,0,0.3268316908450104,0,0,1,3
5,0,2,1,1,0,1,0.005628227335507274,3,0,1,3
3,3,0,3,1,0,0,0.8274392479456583,0,0,0,3
3,1,1,1,1,0,0,0.22822851353597629,1,0,0,3
3,1,2,3,2,0,1,0.893561165529465,2,0,0,3
3,2,0,0,5,0,0,0.31245887637353253,2,0,0,3
1,0,2,0,3,0,0,0.43692270684515344,0,0,3,3
2,0,1,5,3,0,0,0.2573307874379991,0,1,0,3
3,0,0,0,0,0,0,0.15051316775700407,2,0,0,3
0,1,1,1,4,0,0,0.6162393220681822,0,0,0,3
4,2,1,2,5,0,0,0.31068804621930346,0,0,0,3
2,1,1,2,2,0,0,0.45317967126383896,2,0,0,3
4,3,0,1,1,0,0,0.16655018379976916,0,0,0,3
1,1,1,0,0,0,0,0.02541371182874852,2,0,0,3
0,0,1,0,0,1,0,0.9875564405666098,1,0,0,3
3,1,1,1,1,0,0,0.394618923188804,2,1,0,3
1,0,0,0,3,0,0,0.4394309325311183,0,0,2,3
3,1,0,0,3,0,0,0.33748475168847125,3,1,1,3
3,0,0,2,2,0,0,0.7924352523071372,2,0,0,3
2,1,0,1,2,0,0,0.5072583948364336,1,1,0,3
0,1,0,1,4,1,0,0.7574585867848885,1,0,1,3
2,2,1,0,4,0,0,0.4181437901471732,1,0,0,3
3,3,0,1,0,0,0,0.8093800245844665,1,1,1,3
2,1,0,0,3,0,0,0.10216863278796018,2,0,0,3
1,1,0,1,4,0,0,0.9107044065132713,1,0,1,3
4,2,1,1,3,0,0,0.058216182604346356,4,0,0,3
2,1,0,0,3,1,0,0.9450458768689887,1,0,1,3
3,1,0,0,3,0,0,0.25481089059172257,0,0,0,3
4,1,1,0,3,0,0,0.20161159257982653,4,1,0,3
2,1,0,0,2,0,0,0.0836272390615237,1,0,0,3
2,3,1,0,2,1,0,0.3200972576916068,3,0,0,3
2,1,0,2,1,0,0,0.33268751691083165,1,0,0,3
0,0,1,0,6,0,0,0.87017463559573,2,0,1,3
2,1,0,1,1,0,0,0.19202764299599284,0,0,0,3
3,1,0,0,2,0,0,0.08587153920548662,1,0,1,3
1,2,1,2,1,0,0,0.6806151304960489,1,0,0,3
2,0,1,0,4,0,0,0.09099603635935993,1,0,1,3
2,1,2,2,0,0,0,0.8906797653820968,1,0,1,3
2,1,1,1,3,0,0,0.4227045753096804,1,0,1,3
1,1,0,0,0,0,0,0.6219515920487682,0,1,0,3
6,1,1,3,3,0,0,0.4130962748523461,0,0,2,3
2,0,0,0,0,0,0,0.35937043756612563,1,0,1,3
3,1,0,2,1,0,0,0.21666758599805847,1,1,0,3
2,4,0,1,1,0,0,0.0895465885935266,0,0,0,3
1,1,0,2,0,0,0,0.9937537064637563,0,0,0,3
1,1,0,1,1,0,0,0.9638505173938866,0,0,0,3
0,0,0,2,2,0,0,0.715789817740076,2,0,0,3
1,1,1,3,1,0,0,0.0588709687570147,1,0,0,3
1,0,0,1,1,0,0,0.7178704518078438,1,2,0,3
0,1,2,2,0,0,0,0.7483438784178728,3,0,0,3
4,1,0,1,4,1,0,0.38324471872488963,1,1,1,3
0,1,0,1,1,1,0,0.920742566090938,0,0,0,3
1,1,1,3,1,0,0,0.00013638271134142066,0,0,0,3
2,0,0,0,1,0,0,0.14517435034728132,1,0,1,3
4,1,1,0,2,0,0,0.30840985245117625,0,0,1,3
2,1,1,0,1,0,0,0.9526836015082318,1,0,0,3
2,0,0,1,4,0,0,0.19282370354450384,1,1,1,3
3,2,0,0,1,0,0,0.7076757385553092,0,0,1,3
2,1,1,0,2,0,0,0.8147474605529111,1,0,0,3
3,0,1,1,2,0,0,0.46446065834154515,2,0,0,3
4,1,2,2,1,0,0,0.7708734930955927,3,0,1,3
1,1,0,0,3,0,0,0.2915519534308507,2,1,0,3
4,0,0,1,1,0,0,0.6575400364543608,1,0,0,3
2,3,0,3,1,0,0,0.42956999715422806,0,0,0,3
0,1,0,0,3,0,0,0.7806183156773997,1,0,0,3
1,0,0,0,1,0,0,0.4815030509757785,1,0,0,3
1,0,0,0,7,0,0,0.0723439465937038,4,0,0,3
3,1,0,2,1,0,0,0.34047977575301824,1,0,1,3
2,0,0,1,1,0,0,0.20821873082203424,2,0,0,3
2,1,0,0,3,0,0,0.5996230309165138,1,0,0,3
1,1,0,1,2,0,0,0.6715960066943527,1,0,0,3
2,1,1,2,3,0,0,0.7555135774642158,1,0,0,3
4,1,1,5,1,0,0,0.5934173094823093,1,0,0,3
0,0,1,1,1,0,0,0.2555445916879381,1,0,0,3
5,0,0,0,0,0,0,0.7371876329459347,1,0,0,3
1,1,0,0,1,0,0,0.30877915137021217,0,0,0,3
2,0,0,0,0,0,0,0.3992269957432647,1,0,0,3
3,1,0,1,0,0,0,0.33189774361656854,1,1,1,3
1,0,0,2,4,0,0,0.08998921843938146,1,0,0,3
4,4,0,3,2,0,0,0.2588432504497914,0,0,1,4
0,2,1,0,2,0,0,0.10199091716865327,2,0,0,4
7,1,0,1,1,1,0,0.3834265813271759,1,0,0,4
1,2,0,2,1,0,0,0.5632325842157845,3,2,0,4
5,2,0,2,2,0,0,0.8695966282171451,4,0,0,4
3,0,1,2,0,1,0,0.5205008672124907,1,0,0,4
1,1,0,2,3,0,1,0.7998793406141188,0,0,0,4
1,1,1,0,4,0,0,0.7678570568783247,1,0,1,4
2,1,0,1,1,0,0,0.3324523825215223,3,1,0,4
3,1,3,2,3,0,0,0.2658715134065419,1,1,2,4
2,1,0,0,3,0,0,0.5955005153027614,1,0,0,4
0,0,0,1,3,0,0,0.004839428671976398,0,0,0,4
0,0,1,1,5,0,0,0.7110734069251273,0,0,0,4
3,0,0,2,1,0,0,0.7403631523211004,0,1,0,4
1,0,1,0,2,0,0,0.4880268724662935,3,0,1,4
2,1,2,1,3,0,0,0.5841366118791614,0,1,0,4
1,0,0,2,4,0,0,0.20510521183132602,1,1,0,4
3,1,0,0,0,0,0,0.0016202829954236053,2,0,0,4
0,0,0,2,2,0,0,0.8358027982814445,1,1,0,4
0,2,0,2,0,0,0,0.6616158591218031,2,0,0,4
2,0,0,2,3,0,0,0.6508904240011602,0,0,1,4
3,0,1,1,5,0,0,0.8896218624973417,2,2,1,4
3,2,1,0,2,0,0,0.0398373315834365,2,0,1,4
2,0,0,0,2,0,0,0.958167621982907,1,0,1,4
6,0,0,5,0,0,0,0.5853560347938538,0,1,0,4
4,0,2,2,3,0,0,0.01852429767806052,1,1,1,4
2,2,1,0,2,0,0,0.3995581181262141,1,0,0,4
3,0,0,1,0,0,0,0.06983063753526719,0,0,0,4
1,1,0,4,3,0,0,0.22275253158303177,0,1,0,4
1,1,1,1,2,0,0,0.9337810843930927,1,0,0,4
1,1,0,4,3,0,0,0.03570092313744311,0,0,1,4
1,4,0,0,0,0,0,0.003699240448911567,0,0,0,4
1,0,0,0,1,0,0,0.719851614294461,0,0,1,4
2,0,1,1,1,0,0,0.6695270406361168,1,1,1,4
1,1,2,1,1,0,0,0.16387835274849927,0,1,0,4
2,1,1,0,4,0,1,0.8610893756317415,0,0,0,4
3,1,0,1,2,0,0,0.34005092480904575,0,3,0,4
2,2,1,0,4,0,0,0.46487976153998833,0,1,1,4
3,2,2,2,3,0,0,0.40093165331761116,1,1,1,4
1,0,0,3,2,0,0,0.9807228784065078,1,0,1,4
5,0,0,2,2,1,1,0.4303767438073193,1,0,0,4
2,1,0,2,0,0,0,0.7823740889842624,0,1,0,4
0,0,0,0,3,0,1,0.31400171646527997,0,0,0,4
1,1,1,1,0,0,1,0.674519507002472,0,0,2,4
0,0,0,0,2,0,0,0.36365671091500484,1,0,1,4
1,0,1,2,1,0,0,0.11280645902197706,1,0,0,4
3,1,0,0,2,0,0,0.06580840251979381,1,0,0,4
3,2,0,2,2,0,0,0.136672526905681,1,0,1,4
1,1,0,1,2,0,0,0.4395468951391647,1,0,0,4
1,0,0,0,2,0,0,0.864158726213865,1,0,0,4
2,1,0,1,1,0,1,0.7035136803824461,0,0,0,4
4,0,0,3,2,0,0,0.4892171556384135,0,0,2,4
1,0,1,1,1,0,0,0.7177051695423847,1,0,0,4
0,0,0,2,1,0,0,0.37093027590962124,1,0,0,4
3,0,0,3,1,0,0,0.10479411646458625,1,0,1,4
1,1,0,2,1,0,0,0.7239749701147538,1,0,0,4
2,2,1,1,1,0,0,0.21444873246597873,1,2,0,4
1,0,0,0,6,0,0,0.7291250195080324,0,0,1,4
3,0,2,0,2,0,0,0.31429966012560684,0,0,2,4
2,5,2,1,1,0,0,0.9645614018518375,4,0,1,4
3,0,0,2,1,0,0,0.12163108303656456,4,0,0,4
3,1,1,2,1,0,0,0.34400383152232683,1,1,0,4
0,1,0,1,1,0,0,0.2561703058407475,2,0,0,4
0,0,1,1,3,0,0,0.7652869680267576,2,0,0,4
2,1,1,2,2,0,0,0.5350469366502876,0,0,0,4
2,1,0,0,0,0,0,0.6044723391800993,1,0,1,4
2,0,0,2,0,0,0,0.385587325912215,0,0,0,4
1,0,0,2,0,0,0,0.8491638636862426,0,0,0,4
2,2,1,0,3,0,0,0.24069268225764973,1,0,0,4
2,0,0,5,3,0,0,0.2590232934954052,0,1,0,4
3,1,0,0,2,0,0,0.8638221336520359,2,0,0,4
5,1,1,1,1,0,0,0.9899262021109044,0,0,0,4
2,2,0,1,2,0,0,0.7033903292889802,0,0,0,4
0,0,0,0,1,0,0,0.9162779744977527,1,0,0,4
1,2,1,2,2,0,0,0.7458818506884031,0,2,1,4
2,0,0,0,1,0,0,0.6676497480479325,2,0,0,4
1,2,1,1,0,0,0,0.8499984533722378,2,0,0,4
1,1,0,1,1,0,0,0.969433504553902,0,0,1,4
2,1,0,2,2,0,0,0.9601985167088569,1,0,0,4
3,1,0,2,3,0,0,0.6470650768750515,0,1,0,4
2,1,0,0,1,1,0,0.8132614117853592,2,0,1,4
2,0,0,0,2,0,0,0.3546747477302835,1,1,0,4
3,0,0,0,1,0,1,0.938588450937342,1,0,0,4
3,2,1,2,3,1,0,0.586520876815254,1,0,2,4
4,1,0,1,0,0,0,0.9522477728033923,1,0,0,4
0,0,2,1,2,0,0,0.37690820706982275,0,0,0,4
2,2,1,2,4,0,0,0.09515957261157948,1,0,1,4
2,2,0,2,2,0,0,0.47078437174070586,1,0,0,4
2,0,0,0,3,0,0,0.7825137385949477,1,0,0,4
1,0,1,0,3,0,0,0.9686568134640298,2,1,1,4
1,2,1,1,1,0,0,0.12278225451771707,1,0,0,4
4,1,2,0,0,0,0,0.835684926571801,1,0,1,4
1,0,1,0,3,0,0,0.023601832455217853,2,0,0,4
3,1,0,1,2,0,0,0.08716539129942336,1,0,0,4
0,1,0,1,1,0,0,0.47125481639880107,0,0,1,4
1,0,0,1,1,0,0,0.2298141947595309,2,0,0,4
2,1,1,0,3,0,0,0.24243768740337268,2,0,0,4
0,1,1,2,0,0,0,0.2392972889141104,1,0,2,4
2,0,0,1,2,0,0,0.0433965595913397,0,0,1,4
1,0,0,1,2,0,0,0.13948705079670098,1,0,0,4
3,1,0,0,2,0,0,0.23923100313967716,1,1,0,4
2,1,0,0,2,0,0,0.48434202708268614,1,0,1,4
1,1,1,2,4,0,0,0.8687162712942541,1,0,0,4
3,1,0,3,2,0,0,0.9531342220763112,1,1,0,4
5,2,1,0,1,0,0,0.34758350547860795,0,1,0,4
0,1,2,0,1,0,0,0.4675821107753739,1,0,0,4
1,2,1,1,1,0,0,0.0716540669056539,0,0,0,4
2,2,0,1,1,0,0,0.9230742687733602,2,0,0,4
3,4,2,4,5,0,0,0.2148674456280264,4,0,3,4
1,2,1,0,0,0,0,0.7185582315655731,1,1,1,4
3,1,0,1,3,0,0,0.9187956174146681,0,0,0,4
2,0,1,1,0,0,0,0.10442257315119852,0,0,0,4
1,1,0,1,1,0,0,0.783305538289771,0,0,1,4
2,0,1,0,2,0,0,0.5858103549660714,1,0,0,4
0,0,1,0,3,0,0,0.12139098324814368,0,0,0,4
1,1,0,2,1,0,0,0.19424315519434876,0,0,1,4
1,0,0,0,0,0,0,0.40305267643432385,1,1,0,4
2,1,0,2,3,0,0,0.6984616640521496,1,0,0,4
1,0,0,1,1,0,0,0.5389555392765728,0,0,0,4
0,1,2,0,3,1,0,0.0628102176026788,1,2,1,4
2,1,1,1,2,0,0,0.016927721715306765,0,0,0,4
4,4,2,3,1,0,0,0.57137942386127,0,0,0,4
1,0,0,1,1,0,0,0.513859272982324,0,0,1,4
3,3,0,0,2,0,0,0.13024610256909097,1,0,1,4
2,2,0,0,0,0,0,0.2973398732531707,0,0,1,4
0,3,1,3,2,0,0,0.1173546201301805,1,0,0,4
0,1,0,2,2,0,0,0.22234981843566715,1,0,0,4
4,0,0,1,0,0,0,0.9913827876092302,2,0,1,4
2,1,2,0,0,0,0,0.3504490712687637,1,0,0,4
4,2,0,1,0,1,0,0.043654554641448295,2,0,0,4
1,1,1,0,2,0,0,0.23941833519465783,0,1,0,4
1,1,0,2,3,0,0,0.5582747057268573,1,1,1,4
2,0,0,0,5,1,0,0.4386260070380512,1,0,0,4
1,1,2,2,2,0,0,0.2539728493257366,0,0,0,4
5,3,1,0,2,0,1,0.5097139569320333,1,0,1,4
3,0,1,2,1,0,0,0.8859026123813034,0,0,1,4
1,2,1,0,3,0,0,0.9171207440330083,1,0,0,4
1,0,0,1,2,0,0,0.13914359392838593,0,0,0,4
3,1,0,1,2,0,0,0.8586760562321714,0,0,1,4
1,0,0,0,0,0,0,0.41951889239744933,1,0,0,4
2,3,0,1,2,0,0,0.5599678708100552,0,0,0,4
3,1,0,2,3,0,0,0.6024090342376093,0,0,0,4
3,0,0,2,3,0,0,0.6335763589958666,0,0,0,4
1,1,0,2,1,0,0,0.9055970639228251,2,0,1,4
2,1,0,1,0,0,0,0.5483865630280432,2,0,0,4
1,2,0,0,3,1,0,0.13599796731223412,2,1,0,4
5,2,1,1,2,0,0,0.6026336109244044,1,0,0,4
3,0,0,1,1,0,0,0.19438322772994743,0,0,0,4
3,1,0,0,3,0,0,0.47193648391519305,2,0,0,4
2,0,0,0,5,0,0,0.2615187620643926,1,0,1,4
3,0,0,1,0,0,0,0.37438037412368197,0,0,0,4
2,0,0,1,2,0,0,0.5288354738420288,0,2,0,4
2,0,0,2,2,0,0,0.9853719358562754,0,0,0,4
0,0,0,0,3,0,0,0.403904368904073,2,0,2,4
1,0,0,0,3,0,1,0.15934865367643825,0,0,0,4
1,0,0,3,2,0,1,0.5129844352437004,0,0,0,4
2,2,0,0,0,0,0,0.5542587487520435,0,0,0,4
3,0,0,0,7,0,0,0.00748387831178543,1,1,2,4
2,0,0,3,0,0,0,0.01375518247967289,4,0,0,4
1,0,0,0,2,0,0,0.06895888191380717,1,0,1,4
3,1,0,0,2,0,0,0.8069911733783207,0,0,0,4
2,1,1,2,0,0,0,0.05820112535118338,2,0,0,4
3,1,0,1,4,0,0,0.07158191271600045,0,0,0,4
5,2,0,2,0,0,0,0.6009531987529595,1,1,0,4
1,1,0,1,5,0,0,0.1289923746528584,2,1,0,4
2,1,0,2,1,0,0,0.7724664548750105,1,0,0,4
0,0,1,2,2,0,0,0.9457027641077576,0,0,0,4
2,1,0,1,2,0,0,0.28555859276571205,0,0,1,4
0,0,2,0,0,0,0,0.6796874969536044,3,0,0,4
1,1,0,0,3,0,0,0.6072438355583246,1,1,0,4
1,0,0,1,4,0,0,0.06375510770866599,1,1,0,4
0,3,1,1,2,0,0,0.7001161663311255,0,0,0,4
2,1,0,2,0,0,0,0.01275213082263349,1,0,0,4
1,0,0,3,2,0,0,0.44967141930363064,0,0,0,4
1,0,0,1,0,0,0,0.05393395193169481,0,0,0,4
4,0,1,2,1,0,0,0.28931549939997203,2,0,0,4
1,1,0,2,3,0,0,0.3554379239646658,2,0,0,4
1,2,0,1,2,0,0,0.864561290488522,1,0,0,4
1,0,2,2,2,0,0,0.3036650473577035,1,0,0,4
1,2,0,1,2,0,0,0.7648464196632128,0,0,0,4
1,3,0,0,0,0,0,0.6389863169089591,1,0,0,4
2,1,0,0,1,0,0,0.2704355698749775,3,1,0,4
1,2,2,1,0,0,0,0.6598122754760449,0,0,0,4
6,1,0,2,1,0,0,0.9283500124946129,1,0,0,4
1,0,0,1,2,0,0,0.6767851893282151,1,0,0,4
3,2,0,0,0,0,0,0.9561447630222332,1,0,0,4
3,3,0,0,0,0,0,0.160279412553471,2,1,0,4
1,0,0,0,1,0,0,0.9242351854477642,0,0,0,4
1,2,1,3,0,0,0,0.792269337405118,3,0,0,4
2,1,0,1,0,0,0,0.2337056107087988,3,1,1,4
1,1,1,1,1,0,0,0.7412219708814689,1,1,0,4
0,0,1,0,4,0,0,0.7124148598507452,2,0,0,4
3,1,0,1,1,1,0,0.2447847625149957,2,0,1,4
3,3,1,1,0,0,0,0.10904641150325023,0,0,1,4
2,0,1,0,0,0,0,0.5368394328750157,2,1,0,4
2,0,0,1,1,0,1,0.3255421242600246,1,0,1,4
3,1,1,0,2,0,0,0.3623193967783428,1,0,0,4
1,0,0,0,3,0,0,0.43191148934459267,0,0,1,4
2,0,0,1,3,0,0,0.5861143308893642,1,1,0,4
3,1,0,1,0,0,0,0.3301527013486275,1,0,1,4
4,1,1,1,1,0,0,0.2599382114193107,1,0,0,4
0,1,0,0,3,0,0,0.42175494596076424,3,0,1,4
2,3,0,1,1,0,0,0.6401640681086891,1,0,1,4
1,3,0,0,4,0,1,0.19507719905107934,1,0,1,4
1,1,0,0,6,0,0,0.5569914544063959,1,0,0,4
5,1,1,1,2,0,0,0.34454908336159307,0,0,2,4
1,0,0,0,2,0,0,0.1565176187738715,2,0,0,4
2,2,1,1,1,0,0,0.8336881620794462,3,0,0,4
2,2,2,0,0,0,0,0.4529354190760836,3,3,0,4
3,2,0,1,3,0,0,0.0959244374099597,2,0,1,4
1,1,0,0,3,0,0,0.17190165252682277,0,0,0,4
1,0,0,1,3,0,0,0.9121963233725215,1,0,0,4
2,0,0,0,2,0,0,0.959319859124097,0,1,0,4
3,2,1,0,3,0,0,0.16538120724165917,1,0,0,4
1,0,0,1,2,1,0,0.636674180602462,0,0,0,4
0,2,1,3,0,0,1,0.8999104099009126,0,0,0,4
3,0,0,1,2,0,0,0.1946960308208492,2,0,2,4
2,0,0,0,2,0,0,0.36229481448723977,2,0,0,4
3,2,1,0,3,0,0,0.4547190441224501,2,0,0,4
1,1,1,2,1,0,0,0.8623114174936923,1,0,0,4
1,0,0,0,3,0,0,0.18971456005064702,0,1,0,4
2,0,0,1,3,0,0,0.7571994191214955,1,0,0,4
2,1,1,0,2,0,0,0.133236298751217,1,0,0,4
4,4,0,0,2,0,0,0.47672837277329805,1,0,0,4
0,0,0,1,1,0,0,0.19264032015359056,0,0,1,4
4,0,0,1,4,0,0,0.799299650600082,0,0,0,4
2,0,0,0,1,0,0,0.7046584372391083,0,0,1,4
3,1,0,1,2,0,1,0.7885518820197436,1,1,0,4
2,0,1,0,1,0,0,0.3547064175429212,2,0,0,4
2,0,0,1,0,0,0,0.5766732336790393,0,0,0,4
3,0,1,0,4,0,0,0.8012541836245051,1,0,0,4
2,1,0,4,2,0,0,0.7921930275606395,0,0,1,4
1,3,0,4,3,0,0,0.7793656508975884,1,0,0,4
0,2,1,2,1,0,0,0.9683109000412997,0,0,0,4
3,0,0,0,3,0,0,0.46095504070071414,1,0,0,4
6,2,2,0,5,0,0,0.9108070749003865,0,0,0,4
4,0,0,0,1,0,0,0.6185059476416469,0,0,0,4
2,1,0,3,1,0,0,0.15833500495952701,2,0,0,4
1,0,0,1,1,0,0,0.2495537817156327,0,0,0,4
0,1,0,1,2,0,0,0.6682182562828489,0,0,1,4
6,0,0,0,2,0,0,0.13604420591372013,0,0,0,4
0,0,0,0,2,0,0,0.22641196626754245,1,0,0,4
2,2,0,0,3,0,0,0.4034431997283333,0,0,0,4
2,2,0,1,3,0,0,0.6102911515433838,1,0,0,4
1,0,1,1,0,0,0,0.5805154828725939,0,0,1,4
1,1,0,0,3,0,1,0.6426155861878005,0,0,0,4
0,0,1,0,2,0,0,0.8181176462909076,1,1,0,4
0,0,1,1,2,0,0,0.333904931148465,1,2,0,4
4,0,1,4,3,0,0,0.8577255606980873,0,0,0,4
2,1,0,0,2,0,0,0.3270466875156447,0,0,0,4
4,1,1,1,0,0,0,0.9515705182118408,2,0,0,4
0,1,1,2,4,0,0,0.9512096061215004,2,0,0,4
1,0,0,0,2,0,1,0.4318383803078091,2,0,0,4
4,1,0,1,4,0,0,0.17249849850946852,3,0,0,4
1,2,1,0,3,0,0,0.5726357909219238,0,0,1,4
1,1,0,2,2,0,0,0.6866154941745927,2,0,0,4
1,1,0,1,2,0,0,0.47539154942361905,0,0,2,4
3,0,0,0,0,0,0,0.25085528917515665,1,0,0,4
0,2,1,1,1,0,0,0.6445709462264813,2,0,0,4
4,0,0,0,4,0,0,0.9290682282245417,2,0,1,4
3,3,1,2,2,0,0,0.3582530150619292,1,1,0,4
1,0,0,5,0,0,0,0.783244192020601,0,0,0,4
2,2,0,2,5,0,0,0.6133996528561694,0,0,0,4
2,0,0,1,5,0,0,0.6802672005179264,1,0,1,4
3,3,1,1,1,0,0,0.7564168037776091,1,0,0,4
4,3,0,3,6,0,0,0.020487107459043474,0,1,0,4
2,0,0,2,1,0,0,0.4753286015862479,2,0,0,4
2,1,0,1,2,1,0,0.2842444781053207,1,0,0,4
1,1,1,1,3,0,0,0.3680554960242839,1,0,1,4
1,0,0,1,2,0,1,0.13595594009833278,0,0,1,4
3,1,1,2,1,0,0,0.31826755489010783,2,0,0,4
4,2,3,1,2,0,0,0.7066434375398178,3,0,0,4
1,0,0,2,1,0,0,0.24938560164637746,1,1,0,4
5,0,1,1,0,0,0,0.5553345607701109,2,0,1,4
0,0,2,2,4,0,0,0.39656880721503684,1,0,0,4
1,1,0,2,1,0,0,0.7964541966611552,1,0,0,4
2,0,0,1,0,0,0,0.14999719864925487,0,1,0,4
0,0,1,2,6,0,0,0.2754321368026993,2,1,0,4
5,1,0,2,3,0,0,0.6509059554946302,2,0,0,4
1,1,0,0,2,0,0,0.902853297547097,1,0,0,4
2,1,1,2,1,0,0,0.23431949112729145,0,0,0,4
4,2,0,1,2,0,0,0.7396624135600947,0,0,1,4
2,0,0,1,4,0,0,0.5042119321291657,0,0,0,4
4,1,1,0,2,0,0,0.868440575249405,2,1,1,4
1,0,0,1,3,0,0,0.9597044354195269,4,0,0,4
2,1,1,0,1,0,0,0.15244806509532227,2,0,0,4
2,0,1,1,2,0,1,0.19093080221670755,1,0,0,4
2,1,1,2,3,1,0,0.8694719891255778,0,0,1,4
3,1,0,0,3,0,0,0.7472885841413506,1,0,0,4
1,1,0,1,2,0,0,0.005607808322867336,2,0,0,4
2,1,1,3,2,0,0,0.2383573132378315,1,0,1,4
1,1,0,2,1,0,0,0.5595907986009406,0,1,1,4
2,3,1,0,1,0,0,0.8237563243925378,0,0,1,4
2,0,1,1,2,0,0,0.3114119243793192,2,0,0,4
1,0,0,0,4,0,0,0.16607166805535045,0,0,0,4
0,1,0,1,2,0,0,0.40199491144848065,1,0,0,4
0,0,0,2,4,0,0,0.17613165995150415,0,0,0,4
2,0,0,2,2,0,0,0.8743234563554503,1,0,0,4
0,5,0,1,1,0,0,0.4376271724519102,1,0,0,4
4,0,0,1,4,0,0,0.530224462613094,1,0,0,4
0,1,2,1,1,0,0,0.7282905389366191,1,1,0,5
1,2,0,1,3,0,0,0.64899740125222,0,0,1,5
0,1,0,0,2,0,0,0.0711930831877583,3,0,0,5
1,0,2,2,0,0,0,0.6737325713252078,2,0,0,5
1,0,0,1,1,0,0,0.9450342231672617,0,0,0,5
0,2,0,1,2,0,0,0.43503945463578697,1,1,0,5
0,0,0,2,0,1,0,0.31232420398896277,1,0,0,5
1,1,0,2,3,0,0,0.6777755665497465,0,0,0,5
1,0,0,0,4,0,0,0.502113920008182,1,0,1,5
1,0,0,0,3,0,0,0.28392857934957016,0,0,2,5
1,0,0,1,2,0,0,0.7972632570110424,0,0,0,5
3,1,0,1,1,0,0,0.8521602847307284,3,0,0,5
2,3,0,1,2,0,0,0.13363267196667394,2,0,0,5
4,0,2,1,4,0,0,0.6942753719722977,1,0,1,5
1,1,0,0,2,0,0,0.9107666399793928,2,0,0,5
6,0,0,1,6,0,0,0.13464228687241753,1,0,0,5
3,0,1,1,2,0,0,0.14270841790325284,1,0,1,5
3,2,1,0,7,0,0,0.2571483634690427,2,0,0,5
5,1,0,2,2,0,0,0.06850629203887093,1,0,0,5
0,2,0,1,2,0,0,0.5032412008683746,2,0,0,5
0,0,1,2,0,0,0,0.508734364562454,0,0,0,5
2,1,1,0,2,0,0,0.5291791204576678,1,1,0,5
0,1,2,1,1,0,0,0.2506432045471758,0,0,1,5
1,1,0,0,2,0,0,0.4216870805265589,0,0,0,5
2,1,0,3,2,0,0,0.06123344333253522,1,0,0,5
1,0,0,1,2,0,0,0.8981437815352447,0,0,0,5
2,1,0,1,3,0,0,0.47023378307450925,0,0,0,5
4,0,0,1,6,0,0,0.5763778597930103,1,1,0,5
2,0,1,1,1,0,0,0.8493929757917943,0,0,0,5
3,4,1,3,3,0,0,0.38822064120532696,1,0,0,5
2,0,0,0,3,0,0,0.3489573883527456,2,0,0,5
2,0,0,1,1,0,0,0.17093273230757633,0,0,0,5
1,0,2,0,2,0,0,0.8787015111820907,0,1,0,5
4,3,0,0,4,0,0,0.516007469332502,0,0,0,5
4,0,0,1,0,0,0,0.7188122913251936,0,0,0,5
1,0,0,2,0,0,0,0.6897207467658129,0,0,0,5
5,0,1,2,1,0,0,0.8295665895885023,2,0,0,5
0,0,1,2,3,1,0,0.8992263963298651,0,0,0,5
3,3,1,1,3,0,0,0.3752969729935238,0,0,0,5
1,1,0,0,5,0,0,0.7958057465863709,0,0,0,5
4,0,0,1,4,0,0,0.25189746000961155,0,0,2,5
2,1,1,0,1,1,0,0.9925354314595791,0,1,0,5
1,3,0,1,1,0,0,0.3380380739238181,2,0,0,5
0,1,0,0,2,0,0,0.4903276078796738,0,0,1,5
5,2,1,3,1,0,0,0.31452257207714485,2,0,0,5
2,3,0,1,2,0,0,0.2599482309885871,0,0,2,5
3,1,0,0,2,0,0,0.4348005863507518,2,0,0,5
2,3,2,0,2,0,0,0.6522424521826967,0,0,0,5
6,1,1,1,1,0,0,0.5584967528863262,1,0,0,5
4,0,0,3,1,0,0,0.6235033615042127,2,0,1,5
2,1,0,0,1,1,0,0.1185009032899641,2,0,0,5
3,0,0,2,2,0,0,0.44948374953011194,1,1,0,5
5,0,1,2,0,0,0,0.6093653144615756,0,0,0,5
1,0,2,1,5,0,1,0.36500964296488503,0,1,1,5
3,0,0,1,4,0,0,0.6367536240862305,0,3,0,5
1,3,1,1,4,0,0,0.7752123906181213,1,0,0,5
4,1,1,1,2,0,0,0.6626973223258431,0,0,1,5
1,1,1,0,2,0,0,0.7896937927873732,0,0,1,5
4,1,0,2,2,0,0,0.45072322275629473,0,0,1,5
3,2,0,1,1,0,0,0.626468084661041,0,0,1,5
2,0,0,2,1,0,0,0.6470854610613936,1,2,0,5
2,1,1,2,2,0,0,0.4354796392449083,3,0,0,5
2,0,1,0,2,0,0,0.9826514962742163,2,0,0,5
0,0,0,0,2,0,0,0.355076928668539,1,0,1,5
1,0,0,1,2,0,0,0.07134989935495795,1,0,0,5
7,1,1,0,4,0,0,0.0801209900511165,1,0,0,5
2,0,0,3,3,0,0,0.09816747522992408,0,0,0,5
1,1,2,1,3,0,0,0.7614540654765175,2,0,0,5
3,0,0,2,6,0,0,0.08499129509670345,1,0,0,5
0,1,2,1,1,0,0,0.10028462080216305,0,0,1,5
3,3,0,1,0,0,0,0.41643207021146245,2,2,0,5
1,1,0,0,3,0,0,0.08413347085608258,1,0,1,5
1,1,2,2,4,0,0,0.5573261778549131,0,0,0,5
1,2,0,0,5,0,0,0.29664327798299295,0,0,0,5
4,1,0,2,0,0,0,0.03331299028560297,1,0,0,5
1,2,0,1,3,1,0,0.21807156277678663,1,0,0,5
1,1,1,0,1,0,0,0.47996440590404144,0,0,0,5
5,0,0,3,2,0,0,0.43454314858385157,2,0,0,5
3,2,1,1,1,0,0,0.16850041522646242,1,1,0,5
2,3,0,2,0,0,0,0.032004579777487385,1,0,1,5
2,1,0,2,1,0,0,0.6226773385456754,0,0,0,5
2,1,0,1,3,0,0,0.341682295132965,2,0,1,5
7,2,0,1,0,0,0,0.6263577498654758,2,0,0,5
0,0,3,0,3,0,0,0.21126960461478717,2,0,1,5
1,2,0,1,1,0,0,0.9696547530276778,2,0,0,5
1,1,0,1,0,0,0,0.09875550351257889,1,0,1,5
1,2,0,1,4,0,0,0.7885437568132949,1,0,1,5
3,2,0,1,2,1,0,0.5637152059947111,0,1,0,5
3,3,0,2,1,0,0,0.9078906356376857,1,0,1,5
3,1,1,1,0,0,0,0.9218154849645172,2,1,0,5
3,1,1,0,1,0,0,0.9577462709821775,0,0,1,5
0,0,1,0,4,0,0,0.507220241786273,0,0,0,5
1,1,0,0,0,0,0,0.9237546144362202,1,0,0,5
3,2,0,1,1,0,0,0.4519124272829057,1,0,0,5
4,0,0,0,3,0,0,0.4223138428099348,3,0,1,5
3,2,2,2,1,0,0,0.20273076391322498,1,1,1,5
2,1,1,2,4,0,0,0.46380003657561575,0,0,0,5
0,0,0,0,3,0,0,0.4189190331304816,0,0,0,5
6,1,2,1,3,0,1,0.3061554956640514,1,0,0,5
2,1,0,1,1,0,0,0.046964189877501616,2,0,0,5
1,1,1,2,2,0,0,0.2946387697511552,2,0,0,5
3,3,1,0,2,0,0,0.09913346418353164,1,1,0,5
1,0,0,0,2,0,0,0.13513851799240906,1,0,0,5
1,2,0,1,1,0,0,0.73876066621306,0,0,0,5
0,2,0,0,2,0,0,0.8558792434550857,0,0,0,5
1,1,2,0,1,0,0,0.5160266799985012,1,0,2,5
2,1,0,1,5,0,0,0.9640967925115886,0,0,0,5
1,0,0,0,2,0,0,0.17350053307199154,0,0,1,5
7,0,0,2,1,0,0,0.5408587620322178,0,0,1,5
0,0,0,1,4,0,0,0.40905972042015293,1,0,0,5
1,2,0,1,2,0,0,0.005891935853492458,2,0,0,5
2,1,1,2,1,0,0,0.7692285336665509,1,0,1,5
0,0,0,0,0,0,0,0.5569057452603249,1,0,1,5
1,2,1,0,2,0,0,0.9969249119002228,1,0,0,5
2,0,0,3,0,0,0,0.3708853936946853,2,0,0,5
1,1,1,1,4,0,0,0.3390639996098088,1,0,0,5
4,1,0,1,3,0,0,0.27463021925051145,0,0,0,5
4,1,2,1,2,0,0,0.4735290281544242,1,0,0,5
3,2,1,3,1,0,0,0.29833226692210413,1,0,0,5
3,0,3,0,1,0,0,0.5946094154602568,0,0,0,5
0,0,0,2,4,0,0,0.8987087685620961,1,1,0,5
3,1,2,1,4,0,0,0.31988822958183405,1,0,0,5
2,1,0,0,4,0,0,0.37977969045837745,0,0,1,5
1,1,0,3,2,0,0,0.3088970303719385,2,0,1,5
1,1,1,0,1,0,0,0.5709102685231805,1,0,0,5
0,1,1,1,1,0,0,0.03610371772515075,0,0,0,5
1,0,0,1,1,0,0,0.451788178474948,1,0,1,5
0,0,0,3,1,0,0,0.8160819750340456,0,0,0,5
2,1,0,1,2,0,0,0.9638317207725934,0,0,1,5
1,0,0,1,1,0,0,0.06431894914321323,0,0,0,5
2,1,1,1,1,0,0,0.7679492447100776,1,0,0,5
2,4,1,1,1,0,0,0.39146984386378103,1,0,0,5
2,2,1,0,1,0,0,0.912977880608997,1,0,0,5
1,1,0,0,2,0,0,0.2590709889488796,1,0,1,5
0,3,0,1,1,0,1,0.9952877933300338,1,0,1,5
2,1,2,0,1,1,0,0.4772512469565702,1,0,0,5
5,2,1,1,0,0,0,0.156563911366857,1,0,0,5
4,0,4,2,4,0,0,0.29056137601643084,0,1,0,5
1,0,0,1,2,0,0,0.38104992758831846,3,0,0,5
1,0,2,0,3,0,0,0.2542512112266111,0,0,0,5
0,1,1,2,1,0,0,0.10922789970988489,1,0,0,5
3,2,0,2,2,0,0,0.4912747594041874,0,0,1,5
2,1,0,1,0,0,1,0.7837644097499892,0,1,0,5
1,1,1,0,1,0,1,0.01163772678470687,1,1,0,5
2,0,0,1,2,0,1,0.7053902478717972,3,0,0,5
1,5,1,1,1,0,0,0.16343676897215975,3,0,0,5
0,2,0,2,3,0,0,0.9469126785879576,0,0,0,5
2,1,1,1,4,0,0,0.9557117348805448,1,0,0,5
2,1,0,1,0,1,0,0.17933393223326377,0,0,1,5
1,1,2,2,2,0,0,0.4332373910644529,0,0,0,5
1,1,0,1,2,0,0,0.01645785060624838,1,2,0,5
4,1,0,0,2,1,0,0.5054180501415342,2,0,0,5
2,1,1,2,1,0,0,0.8999494901655319,0,0,0,5
2,0,0,1,0,0,0,0.03136797451669615,0,0,0,5
0,2,1,1,0,0,0,0.6030752215953009,0,0,0,5
3,1,1,0,3,0,0,0.4468856710344328,2,0,0,5
3,0,0,1,4,0,0,0.4620315282853905,1,0,0,5
2,3,0,1,3,0,0,0.49777387861256506,1,0,0,5
1,1,0,0,1,1,0,0.9832971590026862,1,0,0,5
3,1,0,1,3,0,0,0.4194413507892816,0,0,1,5
1,0,1,2,5,0,0,0.7411499873481981,0,0,0,5
5,0,0,1,1,0,0,0.5950076892930048,2,1,0,5
2,0,0,0,3,0,0,0.8702966381944204,0,0,1,5
2,2,1,1,3,0,0,0.2599786320033183,2,0,1,5
3,2,0,2,3,0,0,0.8567132631621616,1,0,0,5
1,0,0,1,1,0,0,0.9884651326876519,4,0,1,5
1,1,0,0,2,0,0,0.05268051995986167,0,0,0,5
1,3,1,2,1,0,0,0.46763013765842143,0,2,0,5
2,2,0,0,4,0,0,0.3272669709122964,2,1,0,5
2,0,2,0,3,0,0,0.5531097504172879,0,0,1,5
2,2,0,1,1,0,0,0.307246268871635,2,1,0,5
3,1,1,2,1,0,0,0.8215951895926333,1,0,0,5
2,0,0,1,4,0,0,0.5994184592359996,0,1,0,5
0,1,1,1,1,1,0,0.22468240722113653,0,0,1,5
3,0,0,2,3,0,0,0.4367712084608567,0,0,0,5
3,1,0,0,1,0,0,0.8355358177780314,0,0,0,5
3,3,1,1,3,0,0,0.3862425054560039,1,0,0,5
1,0,0,0,2,0,0,0.0638140966984041,0,0,0,5
2,1,0,0,0,0,0,0.5147597299109282,0,1,0,5
2,0,0,0,2,0,0,0.23925278404377048,0,0,0,5
0,0,3,2,0,0,0,0.4481487259106186,0,0,0,5
4,1,1,1,3,0,0,0.025184811867440926,1,0,0,5
2,0,1,1,1,0,0,0.9745744344841052,0,0,0,5
2,0,0,1,2,1,0,0.9812863530401914,1,0,0,5
2,5,0,0,2,0,0,0.9250767948621267,4,1,0,5
2,0,0,2,4,1,0,0.6007585531864901,0,0,0,5
4,2,0,0,3,0,0,0.8614351969975429,1,0,0,5
4,1,0,3,1,0,0,0.4985180873774012,1,0,1,5
0,2,0,0,3,0,0,0.8463010657401023,3,1,0,5
4,5,0,1,2,0,1,0.10415668822962743,0,1,1,5
1,1,0,0,2,0,0,0.038698285876813676,2,1,0,5
2,1,1,0,2,0,0,0.7982317064736093,2,0,0,5
0,1,0,1,1,0,0,0.855191658111835,0,0,0,5
3,1,0,3,1,0,0,0.28787188584903856,2,0,0,5
1,1,0,0,2,0,0,0.7704519176480153,2,0,0,5
3,1,0,3,2,0,0,0.8044269039474155,2,0,0,5
3,2,1,2,1,0,0,0.594170774535295,2,2,0,5
2,1,0,0,2,0,0,0.5169322862100678,1,0,0,5
0,0,0,0,3,0,1,0.8274034021260873,0,0,0,5
2,0,0,2,0,0,0,0.33287018166277904,3,0,0,5
1,0,0,0,3,0,0,0.3689461331282743,1,0,0,5
2,1,0,0,1,0,0,0.668418649992495,2,0,1,5
4,4,1,0,2,0,0,0.7734623997530105,1,0,0,5
0,1,0,1,1,0,0,0.495401095974516,0,0,0,5
2,1,0,2,1,1,0,0.8943963393499279,0,0,0,5
1,0,1,0,4,0,0,0.19343466929620678,1,1,0,5
1,0,0,0,4,0,0,0.5929930606454842,0,1,0,5
1,0,1,1,5,0,0,0.9769164633106058,3,0,1,5
3,0,0,3,5,0,0,0.5132597078345832,1,0,0,5
0,1,0,1,0,0,0,0.35772567476865025,0,1,0,5
4,2,1,1,1,0,0,0.12125466091965165,3,0,1,5
3,0,0,3,1,0,0,0.05897347093582839,1,1,1,5
2,1,1,0,3,0,0,0.22641943359286865,1,1,0,5
2,2,0,3,4,0,0,0.85816434240667,1,1,0,5
2,1,1,1,1,0,0,0.6127866574099753,0,0,0,5
1,2,0,0,0,0,0,0.7341469494781683,1,1,0,5
0,2,0,0,0,0,0,0.585763252482102,2,0,0,5
4,1,2,0,3,0,0,0.5230291450707987,0,0,1,5
1,1,0,0,5,0,0,0.7738069980613913,0,0,1,5
2,1,0,0,3,0,0,0.0932084321853498,0,0,0,5
2,0,1,1,6,0,0,0.581213974333808,1,0,1,5
2,1,1,0,1,0,0,0.4782337787026739,2,1,0,5
3,0,0,0,4,0,0,0.32831950294020407,1,0,0,5
3,1,0,1,3,0,0,0.8161190699480638,1,0,0,5
4,0,0,1,0,0,0,0.8726159515555769,0,0,1,5
1,1,1,1,1,0,0,0.30043888598320956,0,1,0,5
2,0,1,1,2,0,0,0.7493616312165992,3,0,1,5
3,1,0,0,1,0,0,0.12136657261403583,1,0,0,5
2,1,0,1,2,0,0,0.5075156858937988,1,0,0,5
2,1,1,0,1,0,0,0.5720461165755716,3,0,2,5
2,0,0,0,2,0,0,0.7545157568650428,1,0,0,5
2,0,2,2,1,0,0,0.34975449957838034,4,0,0,5
0,0,0,0,2,0,0,0.5620077744453151,0,0,1,5
6,0,0,1,0,0,0,0.5538160957124165,2,0,0,5
3,0,0,0,0,0,0,0.46036611401420635,2,0,0,5
1,1,1,0,5,0,0,0.417296060129982,1,1,0,5
2,0,0,1,3,0,0,0.9294964214056136,0,0,0,5
3,2,1,0,0,0,0,0.38875786193865214,1,0,0,5
3,0,2,0,1,0,0,0.4526116005834272,0,0,0,5
1,0,0,1,5,0,0,0.08091123813989665,1,0,0,5
1,1,1,0,3,0,1,0.01881934787331585,4,0,0,5
2,2,0,1,2,0,0,0.4468936746738992,3,0,0,5
1,0,0,1,2,0,1,0.7451712143200574,1,0,0,5
2,3,0,2,1,0,0,0.9458327471957375,1,0,0,5
3,1,1,2,2,0,1,0.8108644095922399,1,0,0,5
2,2,0,2,2,0,0,0.1362030856526929,2,0,0,5
3,1,1,2,5,0,0,0.8882926933687751,0,0,0,5
0,1,1,1,1,0,0,0.8880287408318471,2,0,0,5
2,1,0,1,3,0,0,0.36590090015550447,2,0,0,5
1,1,0,2,2,0,0,0.7727106182132378,2,0,0,5
0,1,1,0,2,0,0,0.8178881030890764,1,0,0,5
1,1,0,1,2,0,0,0.5516330820646428,0,0,0,5
0,2,0,0,3,0,0,0.7833087381663539,1,0,0,5
3,0,0,0,1,0,0,0.46492513551050885,1,0,1,5
3,0,0,1,0,0,0,0.35481034009293355,2,0,0,5
1,1,2,0,1,0,0,0.06218164577978014,0,0,0,5
2,1,2,4,2,0,0,0.06402863775759404,0,0,0,5
1,0,1,1,2,0,0,0.183923816725433,2,1,1,5
0,1,1,0,2,0,0,0.29963548132080897,0,0,0,5
2,2,0,2,2,0,0,0.06240089388861947,1,0,1,5
2,1,0,2,3,1,0,0.45452200416562316,0,1,1,5
5,0,1,1,1,0,0,0.10170386314830926,3,0,2,5
1,3,0,0,1,0,0,0.63047394436957,0,0,0,5
3,3,1,4,4,0,0,0.7517158689316757,1,0,0,5
3,0,1,1,0,0,0,0.9321101239985993,2,0,2,5
4,3,1,2,2,0,0,0.8546347870493542,1,0,0,5
1,2,1,1,3,0,0,0.7953842324176217,2,1,0,5
3,1,1,0,2,1,0,0.2873140674993687,1,0,0,5
2,2,1,0,1,0,0,0.8879798592025101,1,0,1,5
1,3,0,1,3,0,0,0.5418192550537835,2,0,0,5
3,1,0,1,3,0,0,0.07944692243136131,2,1,0,5
2,0,1,2,3,0,0,0.8054475147147456,0,1,0,5
1,0,0,0,1,0,1,0.8553705254095731,2,3,0,5
0,2,2,0,6,0,0,0.480576589879936,1,0,1,5
0,1,0,1,4,0,0,0.45613111308747334,3,0,0,5
3,3,0,0,2,0,0,0.33162578236102613,4,1,0,5
3,0,0,0,4,0,0,0.5781634197686153,0,0,0,5
1,3,2,0,0,0,1,0.7826974596574982,1,0,1,5
2,2,0,0,1,0,0,0.011692858618367663,1,0,0,5
2,0,2,0,1,0,0,0.6138627342974214,1,0,2,5
4,2,0,2,3,0,0,0.06199631323521704,0,1,0,5
4,0,0,0,1,0,0,0.959152429362476,2,0,0,5
1,0,1,0,3,0,0,0.7917830708915058,1,0,0,5
3,0,3,0,1,0,0,0.7956158538494635,0,2,1,5
6,1,0,1,0,0,0,0.32726618812913433,1,0,0,5
4,2,0,1,0,0,0,0.5749488546938468,1,0,0,5
2,1,0,0,2,0,0,0.9953805096012774,0,0,0,5
3,0,0,1,1,0,0,0.5346175943472476,2,0,0,5
5,1,0,2,1,0,0,0.42493053518953994,1,1,0,5
2,2,1,1,2,1,1,0.6599889277310499,0,0,0,5
2,1,0,1,5,0,0,0.5799553392085441,0,1,0,5
1,2,0,0,1,0,0,0.30479409226590637,1,0,0,5
2,1,1,0,2,0,0,0.4773052517685695,0,0,1,5
1,3,2,0,4,0,0,0.31445571798268923,2,0,0,5
0,2,1,1,2,0,0,0.42814912990513465,1,0,1,5
2,2,0,0,2,0,0,0.8436235131683534,2,0,0,5
2,1,1,1,3,0,0,0.6104862982233162,1,0,0,5
0,0,0,1,6,0,0,0.6579101982189997,2,0,0,5
1,3,0,1,2,0,0,0.7359651335935435,0,0,1,5
2,2,2,1,2,0,0,0.5493769772491438,1,1,0,5
1,1,0,0,0,0,0,0.12149116929920345,2,0,1,6
3,0,0,2,2,0,0,0.3133026577009618,1,0,0,6
2,0,1,3,2,0,0,0.44133838898249955,4,0,0,6
0,2,1,2,2,0,0,0.14686323462389206,2,0,0,6
3,3,2,1,2,0,0,0.9587549213936387,1,0,0,6
0,0,0,2,0,0,0,0.9056059895638535,0,0,0,6
1,0,1,1,2,0,0,0.3161514561934061,1,0,0,6
3,3,0,2,4,1,0,0.9898517474052793,2,0,0,6
2,1,0,1,2,0,0,0.8940830451229035,0,0,1,6
1,2,0,1,1,0,0,0.13530244716698747,0,0,0,6
2,3,1,0,0,0,0,0.8903223050735333,2,0,1,6
1,0,1,1,2,0,0,0.6817820928462327,0,0,2,6
2,1,2,0,0,0,0,0.33696204085483084,0,0,1,6
0,1,2,1,4,0,1,0.41411350555249105,1,0,1,6
2,0,1,1,1,0,0,0.8295860642806374,1,0,0,6
3,1,1,0,2,0,0,0.3629893874851279,2,1,0,6
2,1,0,1,2,0,0,0.7652771545014571,2,0,1,6
5,1,1,1,3,0,0,0.3131208643540655,1,0,0,6
2,5,1,1,2,0,0,0.09750673419704337,0,0,0,6
4,3,0,0,1,0,0,0.4358105845476369,0,0,0,6
5,1,0,1,4,0,0,0.761022419478966,1,0,0,6
1,1,1,0,0,0,0,0.4933704065372452,2,0,0,6
1,2,0,2,2,0,0,0.18285037679964988,1,0,0,6
2,1,1,0,1,0,0,0.3959216479654979,1,0,0,6
1,0,1,0,3,0,0,0.4168444616440826,1,0,0,6
1,0,0,1,4,1,1,0.8207077729825665,1,0,0,6
1,1,0,0,4,0,0,0.2588404642934782,0,0,0,6
0,1,0,1,2,0,0,0.22579665448328168,1,0,0,6
0,1,0,3,5,0,0,0.4874113836487117,0,0,0,6
1,0,1,2,3,0,0,0.9787086631259168,0,0,0,6
1,1,1,2,6,0,1,0.6547784135792577,0,0,0,6
0,0,2,1,1,0,0,0.5490088793145298,2,0,2,6
1,1,0,2,1,0,0,0.9329860989406612,1,0,0,6
1,0,1,2,2,0,0,0.8317888257471793,3,0,0,6
3,2,0,3,3,0,0,0.7221895430295051,1,0,0,6
2,2,1,0,3,0,1,0.6210843931554905,0,1,0,6
1,1,0,1,6,0,0,0.5607447842474009,1,0,0,6
5,0,1,0,1,0,0,0.5286605780887633,1,0,1,6
1,1,3,1,1,0,0,0.18189210761978158,2,0,0,6
4,0,0,1,1,0,0,0.0577020675963289,1,0,0,6
0,3,2,0,2,0,0,0.7799139838133887,2,1,0,6
2,1,1,0,2,0,0,0.4784341105797445,2,0,0,6
2,2,0,2,2,0,0,0.6449048010375109,1,0,0,6
4,2,1,2,4,0,0,0.9749602222613706,1,0,0,6
3,1,0,1,2,0,0,0.1267005147224446,2,1,0,6
0,0,1,0,1,0,0,0.21239408727114673,3,0,0,6
2,1,2,1,0,0,0,0.12583667755169248,0,0,0,6
1,0,2,1,2,0,1,0.4770239902010359,1,0,0,6
3,0,1,1,7,0,0,0.6205778076303103,1,0,0,6
2,1,0,1,1,0,0,0.6792367848794342,0,0,0,6
3,1,0,1,1,0,0,0.06172226260375435,0,1,0,6
3,1,0,1,3,0,0,0.5274197641254911,2,0,1,6
5,0,0,1,3,0,0,0.4026960371323667,1,0,0,6
2,1,0,1,1,0,0,0.18077019782059667,0,0,0,6
1,1,0,1,1,0,0,0.2601455346584699,2,0,0,6
2,0,0,1,3,0,0,0.24690240397595287,0,0,1,6
2,1,0,0,3,0,0,0.4707444994688432,0,1,0,6
0,3,0,2,3,0,0,0.03597639224998628,2,0,1,6
2,1,0,1,1,0,1,0.6932417372789472,1,0,0,6
0,0,1,0,1,0,0,0.23513800947872154,4,0,0,6
0,0,0,1,7,0,0,0.4056464057590068,1,0,1,6
2,1,0,0,3,0,0,0.47512172813712705,0,0,2,6
1,1,0,3,2,0,0,0.2629193860975584,2,0,0,6
1,0,1,0,0,0,1,0.8800401163401165,0,1,1,6
4,1,1,2,2,0,0,0.18303042409061332,0,0,0,6
2,0,0,1,2,0,0,0.8657209626390308,1,0,1,6
0,1,0,0,3,0,0,0.9095467816681998,1,0,0,6
2,0,0,0,1,0,1,0.7429092578259062,2,0,0,6
2,4,1,0,3,0,0,0.8076455376174932,1,0,0,6
0,2,0,0,0,0,0,0.548082235548874,1,0,1,6
2,1,0,0,2,0,0,0.7633936561966219,0,0,0,6
3,1,1,0,3,0,0,0.1748909326999406,1,0,0,6
4,0,2,1,1,0,0,0.46920752535237775,0,0,0,6
4,1,0,1,5,0,1,0.2888062965567961,1,0,0,6
2,2,0,0,0,0,0,0.4774454201133921,2,0,0,6
3,0,1,1,3,0,0,0.5924326050687382,2,0,0,6
0,0,0,1,3,0,0,0.6087989182363635,1,0,0,6
1,4,0,1,1,1,0,0.7685104312119994,1,0,1,6
5,0,0,3,2,0,0,0.5290164805290691,0,1,1,6
2,2,0,3,4,0,0,0.2354037279276764,0,1,0,6
1,0,2,4,2,0,0,0.30760061699787344,0,1,0,6
1,0,0,0,3,0,0,0.706136514228302,2,0,0,6
3,0,0,3,3,0,0,0.2508197452678159,0,0,0,6
3,0,0,0,2,0,0,0.1753412120117136,1,0,1,6
4,1,0,0,2,0,0,0.8614412994632596,3,2,0,6
2,2,0,2,1,0,0,0.4902451792853507,4,0,1,6
0,0,0,0,1,0,0,0.6026873805980939,1,0,0,6
1,2,0,0,2,0,0,0.4567358569564809,0,1,0,6
2,0,1,0,2,0,0,0.6931942592759321,2,1,0,6
2,2,0,4,7,0,0,0.7181990892481328,1,0,0,6
0,1,0,0,2,0,0,0.49050490576113126,1,0,0,6
3,0,0,0,3,0,0,0.30398299577861565,2,1,2,6
1,3,1,2,2,0,0,0.5346936580845028,2,0,1,6
0,3,2,1,0,0,0,0.056270856596493224,4,0,0,6
0,0,1,1,2,1,0,0.8004510261734565,0,0,0,6
1,2,1,1,6,0,0,0.2730736067196541,0,0,0,6
3,0,0,1,3,0,0,0.525969215513895,1,1,0,6
1,1,1,0,1,0,0,0.1067962635083527,2,0,0,6
3,0,1,2,1,0,0,0.3222947634905833,2,0,0,6
2,1,1,2,4,0,0,0.5235472510824779,1,0,1,6
2,1,1,1,2,0,1,0.08239404134014205,1,1,0,6
2,0,1,1,1,0,0,0.14567698586568778,0,0,1,6
5,1,1,1,2,0,0,0.8415118157751106,1,0,1,6
1,1,0,3,2,0,0,0.14718482513139142,2,0,0,6
2,3,1,3,0,0,0,0.4295732056810677,0,0,1,6
3,3,1,0,0,0,0,0.15608047120807234,1,1,0,6
2,2,0,0,3,0,0,0.13292290408123064,1,0,0,6
0,3,0,0,2,0,0,0.27601649896284863,2,0,0,6
3,2,0,1,1,0,0,0.4261027754214519,2,0,1,6
1,0,0,1,2,0,0,0.3649025223845572,0,0,0,6
2,0,0,1,3,0,0,0.9556941572593644,1,1,1,6
0,3,1,2,2,0,0,0.5204634943525105,1,0,1,6
1,0,1,0,3,0,0,0.41826229547516935,1,0,0,6
1,1,0,2,1,0,0,0.171769442541867,0,0,0,6
0,2,0,2,1,0,0,0.13830048561451247,4,0,0,6
3,0,0,0,2,0,0,0.49285477823393065,3,0,1,6
5,4,1,0,3,0,0,0.6691981427558528,1,0,1,6
0,0,1,5,1,0,0,0.5289521124224417,1,0,1,6
0,0,0,2,6,0,0,0.3353904571717983,1,1,1,6
1,1,0,1,3,0,0,0.9365293001041225,3,0,0,6
0,2,1,1,0,0,0,0.2814250379864106,0,0,1,6
2,0,0,1,5,0,0,0.3132200629227795,2,0,0,6
3,0,0,0,3,0,1,0.17118925209986524,0,0,0,6
3,1,0,0,4,0,0,0.15495136896531858,0,0,1,6
1,2,0,4,3,1,0,0.7748882121341185,0,0,0,6
2,0,2,0,1,0,0,0.7012208882124308,2,0,1,6
2,0,0,1,4,0,0,0.50655607130182,2,0,0,6
2,0,0,1,2,0,0,0.4182198886506534,1,0,1,6
2,0,2,0,5,0,1,0.6819502521814835,3,0,1,6
6,1,0,2,3,0,0,0.7069775495359704,0,0,1,6
3,2,0,1,1,0,0,0.571721428382697,1,2,0,6
0,0,0,0,3,0,0,0.7680054793048272,1,0,0,6
1,2,0,2,1,0,0,0.32128127077587176,0,0,0,6
0,1,0,3,1,0,0,0.8281610079690344,0,0,0,6
0,0,1,0,2,0,0,0.7102956002546565,0,0,0,6
3,1,0,1,4,0,0,0.9993173757889667,0,0,1,6
2,0,0,0,2,0,0,0.9096023605798353,0,0,0,6
4,1,1,1,2,0,0,0.7434361278675407,0,0,0,6
2,2,0,0,4,0,0,0.8180367122291973,1,0,1,6
2,0,0,0,1,0,0,0.5508258389857912,0,0,1,6
0,0,1,2,3,0,0,0.08815517793951821,1,0,0,6
1,0,0,0,2,0,0,0.543882135042117,0,0,0,6
2,2,0,3,3,0,0,0.02849463507833938,3,0,0,6
5,3,1,0,2,0,0,0.509337525938254,1,0,0,6
0,1,0,1,1,0,0,0.12225468169910625,1,0,0,6
2,3,0,1,1,0,0,0.5034792384490553,0,0,0,6
1,0,0,1,1,0,0,0.44045578226442106,0,0,0,6
4,1,1,1,2,0,0,0.06233725816931446,0,1,1,6
2,1,0,2,1,0,0,0.23576622253284707,1,1,0,6
1,3,1,2,3,0,0,0.0034582512543771537,2,0,0,6
2,2,1,1,1,0,0,0.28340029754104457,0,0,0,6
3,0,0,2,2,0,0,0.9184966987579702,0,1,1,6
4,0,0,2,2,0,0,0.29119799268052793,1,0,0,6
1,0,0,4,2,0,0,0.4613705449055705,0,0,0,6
6,0,0,2,4,0,0,0.03316039898413581,1,1,0,6
1,1,0,0,1,0,0,0.24881147953390692,1,0,0,6
0,0,1,1,1,0,0,0.9861411862541631,0,0,1,6
3,2,1,1,2,0,0,0.44332535761591574,0,0,0,6
2,0,4,1,3,1,0,0.408987409455707,0,0,0,6
1,3,0,1,2,0,0,0.32670188108282827,1,1,0,6
1,0,1,0,2,0,0,0.29021540506886756,1,1,0,6
0,1,1,0,1,0,0,0.19840705688269678,0,0,0,6
2,0,1,0,3,0,0,0.4342327278447684,3,0,1,6
4,1,1,1,7,0,0,0.028631559965226372,3,1,0,6
4,2,1,1,2,0,0,0.7153615147511196,0,0,1,6
4,0,0,0,1,0,0,0.770254113488807,3,0,0,6
2,0,0,2,1,0,0,0.4173459775588255,4,0,0,6
0,1,0,1,0,0,0,0.491241226658092,1,0,1,6
4,2,0,2,1,0,0,0.8214952935407385,1,0,1,6
4,3,0,1,0,0,0,0.02359822410253931,1,1,0,6
0,1,0,1,3,0,0,0.35340759611667905,1,0,0,6
2,0,0,2,1,0,0,0.9891767171870394,0,1,0,6
1,0,0,2,2,0,0,0.5154596896949221,1,0,1,6
3,2,0,0,1,0,0,0.49603627041936516,1,1,0,6
4,0,2,1,5,0,0,0.8304563958471047,0,0,0,6
6,1,0,3,0,0,0,0.5241893948257497,2,0,0,6
2,0,0,1,1,0,0,0.4712169116468472,0,0,0,6
2,0,0,1,3,0,0,0.3108644543142869,2,0,0,6
3,1,2,0,1,0,0,0.20177589814087027,0,0,0,6
4,1,0,0,4,0,0,0.5779296236931979,1,0,1,6
2,3,0,0,1,0,0,0.9424889619136178,2,0,1,6
5,0,0,0,3,0,0,0.28907180768092566,2,0,1,6
4,1,1,1,0,0,0,0.7470113943717313,1,0,0,6
3,0,0,2,2,0,0,0.5140104857523584,2,0,0,6
1,1,0,2,2,0,0,0.48087093094118005,2,0,0,6
1,1,0,0,0,0,0,0.1868837235445714,1,0,0,6
2,2,0,1,1,0,0,0.9485171604672832,2,0,0,6
2,2,0,3,1,0,0,0.995707574099147,3,0,0,6
2,0,0,2,1,0,0,0.5435319142126099,1,0,0,6
3,4,1,0,3,0,0,0.822475406459226,1,0,0,6
5,0,0,0,5,0,0,0.25227200832255936,0,0,2,6
3,0,1,1,1,0,0,0.9729012579649784,1,0,0,6
2,3,1,1,1,0,0,0.9551838602258249,1,0,0,6
0,1,2,1,1,1,0,0.850522918360192,1,0,0,6
3,1,0,0,0,0,0,0.29396977245391975,0,1,1,6
3,0,2,0,2,0,0,0.41947676360215236,1,2,0,6
4,1,0,1,0,0,1,0.27056248643741676,1,0,0,6
3,0,0,1,1,0,0,0.36945053744305256,2,0,1,6
2,1,1,0,3,0,0,0.0655579677285556,2,0,0,6
3,0,0,0,1,0,0,0.839917758796259,1,0,1,6
4,0,0,0,0,1,0,0.7777854940706955,0,0,1,6
1,0,0,0,1,0,0,0.9449304800159402,0,0,1,6
1,1,0,1,1,0,0,0.9453135767033998,2,0,0,6
1,2,1,1,2,0,0,0.15272574839939057,0,0,1,6
1,0,0,2,3,0,0,0.8096312384153457,1,0,0,6
1,0,1,1,4,0,0,0.26157575291454593,1,0,0,6
1,2,2,1,0,0,0,0.887782294060129,1,0,1,6
2,1,2,0,1,0,0,0.5060591022144079,3,0,0,6
3,0,1,0,3,0,0,0.43215752997117873,1,0,0,6
1,1,1,0,1,0,0,0.006717422925865413,1,0,0,6
3,0,0,1,2,0,0,0.7229360961593858,0,0,0,6
1,2,1,1,2,0,0,0.6881461605849287,1,0,0,6
1,2,0,3,2,0,0,0.28926972289858477,0,0,0,6
2,1,1,1,0,0,0,0.32312869115508114,0,0,2,6
5,1,0,1,2,0,1,0.8819475710287512,0,0,0,6
3,0,0,1,4,0,0,0.7878486679870569,3,0,0,6
1,2,0,1,2,0,0,0.465567020058688,0,0,0,6
6,2,1,1,4,0,0,0.7745028456565101,1,0,0,6
5,1,1,1,3,0,0,0.9101804253433274,0,0,0,6
4,3,0,2,2,0,0,0.11541465419911279,2,1,0,6
2,2,1,0,3,0,0,0.1862378643118353,2,1,0,6
2,4,1,2,5,0,1,0.4248770923874433,0,0,0,6
4,0,0,1,2,0,0,0.21251731489597536,1,0,0,6
7,0,0,0,3,0,1,0.361384021793537,0,0,1,6
1,0,0,1,0,0,0,0.3094818891355351,0,0,0,6
2,2,0,1,3,0,0,0.3130830079241508,1,1,0,6
2,0,0,1,1,0,0,0.82671058366851,4,0,0,6
2,1,2,0,2,0,0,0.015364518944289807,0,0,0,6
3,0,0,0,2,0,0,0.061143253640446815,1,2,0,6
1,0,1,0,2,0,0,0.9646537307005638,0,0,0,6
1,3,0,2,0,0,0,0.04912858809646925,2,0,0,6
0,1,0,0,0,0,1,0.28961705276995886,0,0,3,6
1,1,0,1,1,0,0,0.9347895510497038,0,0,0,6
1,0,0,2,4,0,0,0.5879403621566276,2,0,0,6
4,0,1,1,0,0,0,0.9125733779536362,2,0,0,6
1,4,0,3,3,0,0,0.35900748956028394,0,0,1,6
3,1,0,1,0,0,0,0.731439125600369,2,0,0,6
3,0,0,1,2,0,0,0.23708008837478367,1,1,1,6
2,0,0,0,1,0,0,0.17923108444748714,2,0,0,6
2,1,1,1,2,0,0,0.6615515639684114,2,0,0,6
3,1,1,0,1,0,0,0.17618652022904768,2,1,0,6
2,2,1,2,3,0,0,0.3314336889782914,0,1,0,6
4,0,0,1,0,0,0,0.7878472813731521,1,0,0,6
0,2,1,0,2,0,0,0.506431436724679,1,0,1,6
3,2,0,2,4,0,0,0.4638792907282593,3,0,1,6
1,0,1,2,2,0,0,0.6402282867859594,1,0,0,6
2,0,0,0,2,0,0,0.6741342588239241,0,0,0,6
2,2,0,0,1,0,0,0.3132963068789577,0,1,0,6
2,0,0,2,3,0,0,0.3437201551895668,0,0,0,6
2,1,0,0,2,0,1,0.47376342977977026,4,0,0,6
3,0,0,5,1,0,0,0.9287421626303217,3,0,0,6
1,0,1,1,0,0,0,0.4273475763368977,3,0,1,6
2,0,0,4,3,0,0,0.8781925768697696,0,1,0,6
1,0,1,0,1,0,0,0.0782759856373777,1,0,1,6
0,2,0,0,1,0,0,0.9839894279979006,1,0,0,6
1,1,1,1,4,0,0,0.8815512815876463,0,0,0,6
3,0,0,0,2,0,0,0.20962653899058048,1,1,0,6
2,0,0,1,3,0,0,0.589211785838614,1,0,0,6
0,3,2,0,5,0,0,0.26262847036181214,0,0,0,6
3,0,0,3,3,0,0,0.5117702604228749,0,0,0,6
3,2,1,1,1,0,0,0.11126804600182283,1,0,0,6
1,2,0,1,0,0,0,0.679298041225803,1,0,0,6
0,0,0,0,1,0,0,0.4689719589210546,1,1,0,6
6,0,0,3,3,0,0,0.41403013130786026,0,0,1,6
2,1,1,1,2,1,0,0.6972479234693337,0,0,0,6
0,0,0,0,0,1,0,0.45007492586504916,1,0,0,6
2,1,0,2,4,0,0,0.9886571887397203,3,1,1,6
4,1,0,0,4,0,0,0.1138640548780826,3,1,0,6
5,0,1,0,1,0,0,0.3732325654298071,0,0,0,6
1,2,0,1,3,0,0,0.766139561801228,0,0,0,6
2,1,0,0,3,0,0,0.34668629149696206,0,0,2,6
1,0,0,1,2,1,0,0.0068938469227435295,1,0,0,6
3,1,2,1,2,0,0,0.6132582706975053,0,1,0,6
2,0,0,0,1,0,0,0.5416037969223738,0,0,0,6
3,1,0,0,1,0,0,0.3550558970369133,0,2,0,6
1,6,0,0,3,0,0,0.13200391808973821,0,0,0,6
1,2,2,0,0,0,0,0.5484371482747611,1,0,0,6
0,1,0,2,2,0,0,0.5682057377927683,0,1,0,6
0,0,1,0,1,0,1,0.9617482802977673,3,0,0,6
1,2,0,0,1,0,0,0.5792486718078357,3,0,0,6
2,6,0,2,0,0,0,0.12523015480362354,1,0,0,6
0,0,0,1,1,0,0,0.3178178071545624,1,1,0,6
2,2,0,1,1,1,0,0.20767772465629208,0,0,0,6
2,1,0,1,3,0,1,0.41494461431379637,0,0,0,6
2,3,0,0,1,0,0,0.9292610117910757,1,1,2,6
1,2,0,0,1,0,1,0.3844222727373643,1,0,0,6
4,0,0,2,1,0,0,0.41151161931206215,1,0,1,6
0,0,0,2,1,0,0,0.8239364551622762,0,0,1,6
2,2,1,1,2,0,0,0.17829652748656866,1,1,1,6
2,0,0,0,1,0,0,0.260564066907747,0,0,0,6
1,1,0,1,5,0,0,0.9565774303796337,0,0,0,6
0,1,1,1,2,0,0,0.36698904968235757,2,2,0,6
5,0,1,2,1,0,0,0.23975606408475314,1,0,0,6
1,1,0,1,1,0,0,0.305428802825937,2,0,0,6
2,1,0,0,2,0,0,0.6269344902212454,2,0,0,6
4,2,0,0,2,0,0,0.9745174520969546,0,0,1,6
4,0,1,1,0,0,0,0.9223303677501239,0,0,0,6
3,1,0,2,2,0,0,0.33780820239196674,2,0,0,6
3,0,0,0,3,0,0,0.46532546272601694,0,0,1,6
2,0,1,1,3,0,0,0.7494059019102755,0,1,1,6
